CMS,Component,Sub-component,Padding start,Variable,320px,375px,>375px & <1440px,1440px,>1440px & < 2560px,2560px,2560px+,Primary browser,Secondary browser,Secondary size,Mobile,Tablet,BugHerd ID,Comments,,,
Page title,title - image (variant 1),breadcrumbs,bottom,?,Not started,Not started,Not started,Not started,Not started,Not started,Not started,,,,Not started,Not started,,,,,
Page title,title - image (variant 2),breadcrumbs,top,?,Not started,Not started,Not started,Not started,Not started,Not started,Not started,,,,Not started,Not started,,,,,
Page title,title - image (variant 2),breadcrumbs,bottom,?,Not started,Not started,Not started,Not started,Not started,Not started,Not started,,,,Not started,Not started,,,,,
Page title,title - no image (variant 1),breadcrumbs,bottom,?,Not started,Not started,Not started,Not started,Not started,Not started,Not started,,,,Not started,Not started,,,,ct text + image,Padding A
Page title,title - no image (variant 2),breadcrumbs,bottom,?,Not started,Not started,Not started,Not started,Not started,Not started,Not started,,,,Not started,Not started,,,,ct image + text,Padding B
Page title,title - video (variant 1),breadcrumbs,bottom,?,Not started,Not started,Not started,Not started,Not started,Not started,Not started,,,,Not started,Not started,,,,ct text + text,Padding C
Page title,title - video (variant 2),breadcrumbs,top,?,,,,,,,,,,,,,,,,ct full-width image,Padding D
Page title,title - video (variant 2),breadcrumbs,bottom,?,,,,,,,,,,,,,,,,ct full-width image with centred text,Padding E
Page title,title - image carousel (variant 1),breadcrumbs,bottom,?,,,,,,,,,,,,,,,,ct full-width image with text + text,Padding F
Page title,title - image carousel (variant 2),breadcrumbs,top,?,,,,,,,,,,,,,,,,ct full-width image with left text,Padding G
Page title,title - image carousel (variant 2),breadcrumbs,bottom,?,,,,,,,,,,,,,,,,ct full-width image with right text,Padding H
Page title,title - image (variant 1),heading,bottom,?,,,,,,,,,,,,,,,,ct text + video,
Page title,title - image (variant 2),heading,bottom,?,,,,,,,,,,,,,,,,ct video + text,
Page title,title - no image (variant 1),heading,bottom,?,,,,,,,,,,,,,,,,ct text + image carousel,
Page title,title - no image (variant 2),heading,bottom,?,,,,,,,,,,,,,,,,ct image carousel + text,
Page title,title - video (variant 1),heading,bottom,?,,,,,,,,,,,,,,,,ct text + events,
Page title,title - video (variant 2),heading,bottom,?,,,,,,,,,,,,,,,,ct events + text,
Page title,title - image carousel (variant 1),heading,bottom,?,,,,,,,,,,,,,,,,ct text + socials,
Page title,title - image carousel (variant 2),heading,bottom,?,,,,,,,,,,,,,,,,ct socials + text,
Page title,pagination - image carousel (variant 1),pagination,bottom,?,,,,,,,,,,,,,,,,ct text + promos,
Page title,pagination - image carousel (variant 2),pagination,bottom,?,,,,,,,,,,,,,,,,ct promos + text,
Page title,pagination - image carousel (variant 2),pagination,left,?,,,,,,,,,,,,,,,,ct text + portals,
First paragraph,featured paragraph (top of the page) (variant 1),,top,?,,,,,,,,,,,,,,,,ct portals + text,
First paragraph,featured paragraph (top of the page) (variant 1),,bottom,?,,,,,,,,,,,,,,,,ct quotes + image,
First paragraph,featured paragraph (top of the page) (variant 1),,left,?,,,,,,,,,,,,,,,,ct image + quotes,
First paragraph,featured paragraph (top of the page) (variant 1),,right,?,,,,,,,,,,,,,,,,ct text + stats,
First paragraph,featured paragraph (top of the page) (variant 2),,left,?,,,,,,,,,,,,,,,,ct stats + text,
First paragraph,featured paragraph (top of the page) (variant 2),,right,?,,,,,,,,,,,,,,,,ct text + profiles,
WYSIWYG text formatting,button primary,,top,?,,,,,,,,,,,,,,,,ct profiles + text,
WYSIWYG text formatting,button primary,,bottom,?,,,,,,,,,,,,,,,,ct text + cards,
WYSIWYG text formatting,button primary,,left,?,,,,,,,,,,,,,,,,ct cards + text,
WYSIWYG text formatting,button primary,,right,?,,,,,,,,,,,,,,,,admissions,
WYSIWYG text formatting,button secondary,,top,?,,,,,,,,,,,,,,,,FAQs,
WYSIWYG text formatting,button secondary,,bottom,?,,,,,,,,,,,,,,,,events list,
WYSIWYG text formatting,button secondary,,left,?,,,,,,,,,,,,,,,,events carousel,
WYSIWYG text formatting,button secondary,,right,?,,,,,,,,,,,,,,,,events grid,
WYSIWYG text formatting,button tertiary,,top,?,,,,,,,,,,,,,,,,events featured,
WYSIWYG text formatting,button tertiary,,bottom,?,,,,,,,,,,,,,,,,stories carousel,
WYSIWYG text formatting,button tertiary,,left,?,,,,,,,,,,,,,,,,stories grid,
WYSIWYG text formatting,button tertiary,,right,?,,,,,,,,,,,,,,,,promos carousel,
WYSIWYG text formatting,table,heading cell,top,?,,,,,,,,,,,,,,,,promos grid,
WYSIWYG text formatting,table,heading cell,bottom,?,,,,,,,,,,,,,,,,portals carousel,
WYSIWYG text formatting,table,heading cell,left,?,,,,,,,,,,,,,,,,portals grid,
WYSIWYG text formatting,table,heading cell,right,?,,,,,,,,,,,,,,,,quotes carousel,
WYSIWYG text formatting,table,content cell,top,?,,,,,,,,,,,,,,,,stats carousel,
WYSIWYG text formatting,table,content cell,bottom,?,,,,,,,,,,,,,,,,stats grid,
WYSIWYG text formatting,table,content cell,left,?,,,,,,,,,,,,,,,,profiles carousel,
WYSIWYG text formatting,table,content cell,right,?,,,,,,,,,,,,,,,,profiles grid,
ct full-width image with centred text,text,,top,Padding A,,,,,,,,,,,,,,,,profiles directory,
ct full-width image with centred text,text,,bottom,Padding A,,,,,,,,,,,,,,,,cards carousel,
ct full-width image with centred text,text,,left,?,,,,,,,,,,,,,,,,cards grid,
ct full-width image with centred text,text,,right,?,,,,,,,,,,,,,,,,notices list,
ct full-width image with text + text,ct text half left,,top,Padding A,,,,,,,,,,,,,,,,stories end-of-page,
ct full-width image with text + text,ct text half left,,bottom,Padding A,,,,,,,,,,,,,,,,promos end-of-page,
ct full-width image with text + text,ct text half left,,left,?,,,,,,,,,,,,,,,,,
ct full-width image with text + text,ct text half left,,right,?,,,,,,,,,,,,,,,,,
ct full-width image with text + text,ct text half right,,top,Padding A,,,,,,,,,,,,,,,,,
ct full-width image with text + text,ct text half right,,bottom,Padding A,,,,,,,,,,,,,,,,,
ct full-width image with text + text,ct text half right,,left,?,,,,,,,,,,,,,,,,,
ct full-width image with text + text,ct text half right,,right,?,,,,,,,,,,,,,,,,,
ct full-width image with left text,ct text half left,,top,Padding A,,,,,,,,,,,,,,,,,
ct full-width image with left text,ct text half left,,bottom,Padding A,,,,,,,,,,,,,,,,,
ct full-width image with left text,ct text half left,,left,?,,,,,,,,,,,,,,,,,
ct full-width image with left text,ct text half left,,right,?,,,,,,,,,,,,,,,,,
ct full-width image with right text,ct text half right,,top,Padding A,,,,,,,,,,,,,,,,,
ct full-width image with right text,ct text half right,,bottom,Padding A,,,,,,,,,,,,,,,,,
ct full-width image with right text,ct text half right,,left,?,,,,,,,,,,,,,,,,,
ct full-width image with right text,ct text half right,,right,?,,,,,,,,,,,,,,,,,
ct text + image,ct text half left,,top,Padding A,,,,,,,,,,,,,,,,,
ct text + image,ct text half left,,bottom,Padding A,,,,,,,,,,,,,,,,,
ct text + image,ct text half left,,left,?,,,,,,,,,,,,,,,,,
ct text + image,ct text half left,,right,?,,,,,,,,,,,,,,,,,
ct image + text,ct text half right,,top,Padding A,,,,,,,,,,,,,,,,,
ct image + text,ct text half right,,bottom,Padding A,,,,,,,,,,,,,,,,,
ct image + text,ct text half right,,left,?,,,,,,,,,,,,,,,,,
ct image + text,ct text half right,,right,?,,,,,,,,,,,,,,,,,
ct text + text,ct text half left,,top,Padding A,,,,,,,,,,,,,,,,,
ct text + text,ct text half left,,bottom,Padding A,,,,,,,,,,,,,,,,,
ct text + text,ct text half left,,left,?,,,,,,,,,,,,,,,,,
ct text + text,ct text half left,,right,?,,,,,,,,,,,,,,,,,
ct text + text,ct text half right,,top,Padding A,,,,,,,,,,,,,,,,,
ct text + text,ct text half right,,bottom,Padding A,,,,,,,,,,,,,,,,,
ct text + text,ct text half right,,left,?,,,,,,,,,,,,,,,,,
ct text + text,ct text half right,,right,?,,,,,,,,,,,,,,,,,
ct text + image carousel,ct text + image carousel (variant 1),ct text half left,top,Padding A,,,,,,,,,,,,,,,,,
ct text + image carousel,ct text + image carousel (variant 1),ct text half left,bottom,Padding A,,,,,,,,,,,,,,,,,
ct text + image carousel,ct text + image carousel (variant 1),ct text half left,left,?,,,,,,,,,,,,,,,,,
ct text + image carousel,ct text + image carousel (variant 1),ct text half left,right,?,,,,,,,,,,,,,,,,,
ct text + image carousel,ct text + image carousel (variant 1),image pagination,bottom,Padding E,,,,,,,,,,,,,,,,,
ct text + image carousel,ct text + image carousel (variant 2),ct text half left,top,Padding A,,,,,,,,,,,,,,,,,
ct text + image carousel,ct text + image carousel (variant 2),ct text half left,bottom,Padding A,,,,,,,,,,,,,,,,,
ct text + image carousel,ct text + image carousel (variant 2),ct text half left,left,?,,,,,,,,,,,,,,,,,
ct text + image carousel,ct text + image carousel (variant 2),ct text half left,right,?,,,,,,,,,,,,,,,,,
ct text + image carousel,ct text + image carousel (variant 2),image pagination,bottom,Padding E,,,,,,,,,,,,,,,,,
ct image carousel + text,ct image carousel + text (variant 1),ct text half left,top,Padding A,,,,,,,,,,,,,,,,,
ct image carousel + text,ct image carousel + text (variant 1),ct text half left,bottom,Padding A,,,,,,,,,,,,,,,,,
ct image carousel + text,ct image carousel + text (variant 1),ct text half left,left,?,,,,,,,,,,,,,,,,,
ct image carousel + text,ct image carousel + text (variant 1),ct text half left,right,?,,,,,,,,,,,,,,,,,
ct image carousel + text,ct image carousel + text (variant 1),image pagination,bottom,Padding E,,,,,,,,,,,,,,,,,
ct image carousel + text,ct image carousel + text (variant 2),ct text half left,top,Padding A,,,,,,,,,,,,,,,,,
ct image carousel + text,ct image carousel + text (variant 2),ct text half left,bottom,Padding A,,,,,,,,,,,,,,,,,
ct image carousel + text,ct image carousel + text (variant 2),ct text half left,left,?,,,,,,,,,,,,,,,,,
ct image carousel + text,ct image carousel + text (variant 2),ct text half left,right,?,,,,,,,,,,,,,,,,,
ct image carousel + text,ct image carousel + text (variant 2),image pagination,bottom,Padding E,,,,,,,,,,,,,,,,,
ct text + quote carousel,ct text + quote carousel (variant 1),ct text half left,top,Padding A,,,,,,,,,,,,,,,,,
ct text + quote carousel,ct text + quote carousel (variant 1),ct text half left,bottom,Padding A,,,,,,,,,,,,,,,,,
ct text + quote carousel,ct text + quote carousel (variant 1),ct text half left,left,?,,,,,,,,,,,,,,,,,
ct text + quote carousel,ct text + quote carousel (variant 1),ct text half left,right,?,,,,,,,,,,,,,,,,,
ct text + quote carousel,ct text + quote carousel (variant 2),ct text half left,top,Padding A,,,,,,,,,,,,,,,,,
ct text + quote carousel,ct text + quote carousel (variant 2),ct text half left,bottom,Padding A,,,,,,,,,,,,,,,,,
ct text + quote carousel,ct text + quote carousel (variant 2),ct text half left,left,?,,,,,,,,,,,,,,,,,
ct text + quote carousel,ct text + quote carousel (variant 2),ct text half left,right,?,,,,,,,,,,,,,,,,,
ct quote + text carousel,ct quote + text carousel (variant 1),quote container,top,Padding B,,,,,,,,,,,,,,,,,
ct quote + text carousel,ct quote + text carousel (variant 1),quote container,left,?,,,,,,,,,,,,,,,,,
ct quote + text carousel,ct quote + text carousel (variant 1),quote container,right,?,,,,,,,,,,,,,,,,,
ct quote + text carousel,ct quote + text carousel (variant 1),quote container,bottom,Padding C,,,,,,,,,,,,,,,,,
ct quote + text carousel,ct quote + text carousel (variant 1),quote source,bottom,Padding E,,,,,,,,,,,,,,,,,
ct quote + text carousel,ct quote + text carousel (variant 2),quote container,top,Padding B,,,,,,,,,,,,,,,,,
ct quote + text carousel,ct quote + text carousel (variant 2),quote container,left,?,,,,,,,,,,,,,,,,,
ct quote + text carousel,ct quote + text carousel (variant 2),quote container,right,?,,,,,,,,,,,,,,,,,
ct quote + text carousel,ct quote + text carousel (variant 2),quote container,bottom,Padding C,,,,,,,,,,,,,,,,,
ct quote + text carousel,ct quote + text carousel (variant 2),quote source,bottom,Padding E,,,,,,,,,,,,,,,,,
ct text + video,ct text + video (variant 1),ct text half left,top,Padding A,,,,,,,,,,,,,,,,,
ct text + video,ct text + video (variant 1),ct text half left,bottom,Padding A,,,,,,,,,,,,,,,,,
ct text + video,ct text + video (variant 1),ct text half left,left,?,,,,,,,,,,,,,,,,,
ct text + video,ct text + video (variant 1),ct text half left,right,?,,,,,,,,,,,,,,,,,
ct text + video,ct text + video (variant 2),ct text half left,top,Padding A,,,,,,,,,,,,,,,,,
ct text + video,ct text + video (variant 2),ct text half left,bottom,Padding A,,,,,,,,,,,,,,,,,
ct text + video,ct text + video (variant 2),ct text half left,left,?,,,,,,,,,,,,,,,,,
ct text + video,ct text + video (variant 2),ct text half left,right,?,,,,,,,,,,,,,,,,,
ct video + text,ct video + text (variant 1),ct text half right,top,Padding A,,,,,,,,,,,,,,,,,
ct video + text,ct video + text (variant 1),ct text half right,bottom,Padding A,,,,,,,,,,,,,,,,,
ct video + text,ct video + text (variant 1),ct text half right,left,?,,,,,,,,,,,,,,,,,
ct video + text,ct video + text (variant 1),ct text half right,right,?,,,,,,,,,,,,,,,,,
ct video + text,ct video + text (variant 2),ct text half right,top,Padding A,,,,,,,,,,,,,,,,,
ct video + text,ct video + text (variant 2),ct text half right,bottom,Padding A,,,,,,,,,,,,,,,,,
ct video + text,ct video + text (variant 2),ct text half right,left,?,,,,,,,,,,,,,,,,,
ct video + text,ct video + text (variant 2),ct text half right,right,?,,,,,,,,,,,,,,,,,
profiles carousel,profiles carousel (variant 1),card (variant 1) - text box,top,Padding E,,,,,,,,,,,,,,,,,
profiles carousel,profiles carousel (variant 1),card (variant 1) - text box,bottom,Padding E,,,,,,,,,,,,,,,,,
profiles carousel,profiles carousel (variant 1),card (variant 1) - text box,left,Padding E,,,,,,,,,,,,,,,,,
profiles carousel,profiles carousel (variant 1),card (variant 1) - text box,right,Padding E,,,,,,,,,,,,,,,,,
profiles carousel,profiles carousel (variant 1),card (variant 1) - name,bottom,Padding G,,,,,,,,,,,,,,,,,
profiles carousel,profiles carousel (variant 1),card (variant 1) - read more icon,top,Padding G,,,,,,,,,,,,,,,,,
profiles carousel,profiles carousel (variant 1),card (variant 1) - read more icon,bottom,?,,,,,,,,,,,,,,,,,
profiles carousel,profiles carousel (variant 1),card (variant 1) - read more icon,left,?,,,,,,,,,,,,,,,,,
profiles carousel,profiles carousel (variant 1),card (variant 1) - read more icon,right,?,,,,,,,,,,,,,,,,,
profiles carousel,profiles carousel (variant 1),card (variant 2) - text box,bottom,Padding E,,,,,,,,,,,,,,,,,
profiles carousel,profiles carousel (variant 1),card (variant 2) - text box,left,Padding E,,,,,,,,,,,,,,,,,
profiles carousel,profiles carousel (variant 1),card (variant 2) - text box,right,Padding E,,,,,,,,,,,,,,,,,
profiles carousel,profiles carousel (variant 1),card (variant 2) - name,bottom,Padding G,,,,,,,,,,,,,,,,,
profiles carousel,profiles carousel (variant 1),card (variant 3) - name,bottom,Padding E,,,,,,,,,,,,,,,,,
profiles carousel,profiles carousel (variant 1),card (variant 3) - name,left,Padding E,,,,,,,,,,,,,,,,,
profiles carousel,profiles carousel (variant 1),card (variant 3) - name,right,Padding E,,,,,,,,,,,,,,,,,
profiles carousel,profiles carousel (variant 1),card (variant 3) - description box,top,Padding E,,,,,,,,,,,,,,,,,
profiles carousel,profiles carousel (variant 1),card (variant 3) - description box,bottom,Padding E,,,,,,,,,,,,,,,,,
profiles carousel,profiles carousel (variant 1),card (variant 3) - description box,left,Padding E,,,,,,,,,,,,,,,,,
profiles carousel,profiles carousel (variant 1),card (variant 3) - description box,right,?,,,,,,,,,,,,,,,,,
profiles carousel,profiles carousel (variant 1),card (variant 3) - read more icon,left,?,,,,,,,,,,,,,,,,,
profiles carousel,profiles carousel (variant 1),card (variant 3) - read more icon,right,?,,,,,,,,,,,,,,,,,
profiles carousel,profiles carousel (variant 2),card (variant 1) - text box,top,Padding E,,,,,,,,,,,,,,,,,
profiles carousel,profiles carousel (variant 2),card (variant 1) - text box,bottom,Padding E,,,,,,,,,,,,,,,,,
profiles carousel,profiles carousel (variant 2),card (variant 1) - text box,left,Padding E,,,,,,,,,,,,,,,,,
profiles carousel,profiles carousel (variant 2),card (variant 1) - text box,right,Padding E,,,,,,,,,,,,,,,,,
profiles carousel,profiles carousel (variant 2),card (variant 1) - name,bottom,Padding G,,,,,,,,,,,,,,,,,
profiles carousel,profiles carousel (variant 2),card (variant 1) - read more icon,top,Padding G,,,,,,,,,,,,,,,,,
profiles carousel,profiles carousel (variant 2),card (variant 1) - read more icon,bottom,?,,,,,,,,,,,,,,,,,
profiles carousel,profiles carousel (variant 2),card (variant 1) - read more icon,left,?,,,,,,,,,,,,,,,,,
profiles carousel,profiles carousel (variant 2),card (variant 1) - read more icon,right,?,,,,,,,,,,,,,,,,,
profiles carousel,profiles carousel (variant 2),card (variant 2) - text box,bottom,Padding E,,,,,,,,,,,,,,,,,
profiles carousel,profiles carousel (variant 2),card (variant 2) - text box,left,Padding E,,,,,,,,,,,,,,,,,
profiles carousel,profiles carousel (variant 2),card (variant 2) - text box,right,Padding E,,,,,,,,,,,,,,,,,
profiles carousel,profiles carousel (variant 2),card (variant 2) - name,bottom,Padding G,,,,,,,,,,,,,,,,,
profiles carousel,profiles carousel (variant 2),card (variant 3) - name,bottom,Padding E,,,,,,,,,,,,,,,,,
profiles carousel,profiles carousel (variant 2),card (variant 3) - name,left,Padding E,,,,,,,,,,,,,,,,,
profiles carousel,profiles carousel (variant 2),card (variant 3) - name,right,Padding E,,,,,,,,,,,,,,,,,
profiles carousel,profiles carousel (variant 2),card (variant 3) - description box,top,Padding E,,,,,,,,,,,,,,,,,
profiles carousel,profiles carousel (variant 2),card (variant 3) - description box,bottom,Padding E,,,,,,,,,,,,,,,,,
profiles carousel,profiles carousel (variant 2),card (variant 3) - description box,left,Padding E,,,,,,,,,,,,,,,,,
profiles carousel,profiles carousel (variant 2),card (variant 3) - description box,right,?,,,,,,,,,,,,,,,,,
profiles carousel,profiles carousel (variant 2),card (variant 3) - read more icon,left,?,,,,,,,,,,,,,,,,,
profiles carousel,profiles carousel (variant 2),card (variant 3) - read more icon,right,?,,,,,,,,,,,,,,,,,
profiles carousel,profiles carousel (variant 3),card (variant 1) - text box,top,Padding E,,,,,,,,,,,,,,,,,
profiles carousel,profiles carousel (variant 3),card (variant 1) - text box,bottom,Padding E,,,,,,,,,,,,,,,,,
profiles carousel,profiles carousel (variant 3),card (variant 1) - text box,left,Padding E,,,,,,,,,,,,,,,,,
profiles carousel,profiles carousel (variant 3),card (variant 1) - text box,right,Padding E,,,,,,,,,,,,,,,,,
profiles carousel,profiles carousel (variant 3),card (variant 1) - name,bottom,Padding G,,,,,,,,,,,,,,,,,
profiles carousel,profiles carousel (variant 3),card (variant 1) - read more icon,top,Padding G,,,,,,,,,,,,,,,,,
profiles carousel,profiles carousel (variant 3),card (variant 1) - read more icon,bottom,?,,,,,,,,,,,,,,,,,
profiles carousel,profiles carousel (variant 3),card (variant 1) - read more icon,left,?,,,,,,,,,,,,,,,,,
profiles carousel,profiles carousel (variant 3),card (variant 1) - read more icon,right,?,,,,,,,,,,,,,,,,,
profiles carousel,profiles carousel (variant 3),card (variant 2) - text box,bottom,Padding E,,,,,,,,,,,,,,,,,
profiles carousel,profiles carousel (variant 3),card (variant 2) - text box,left,Padding E,,,,,,,,,,,,,,,,,
profiles carousel,profiles carousel (variant 3),card (variant 2) - text box,right,Padding E,,,,,,,,,,,,,,,,,
profiles carousel,profiles carousel (variant 3),card (variant 2) - name,bottom,Padding G,,,,,,,,,,,,,,,,,
profiles carousel,profiles carousel (variant 3),card (variant 3) - name,bottom,Padding E,,,,,,,,,,,,,,,,,
profiles carousel,profiles carousel (variant 3),card (variant 3) - name,left,Padding E,,,,,,,,,,,,,,,,,
profiles carousel,profiles carousel (variant 3),card (variant 3) - name,right,Padding E,,,,,,,,,,,,,,,,,
profiles carousel,profiles carousel (variant 3),card (variant 3) - description box,top,Padding E,,,,,,,,,,,,,,,,,
profiles carousel,profiles carousel (variant 3),card (variant 3) - description box,bottom,Padding E,,,,,,,,,,,,,,,,,
profiles carousel,profiles carousel (variant 3),card (variant 3) - description box,left,Padding E,,,,,,,,,,,,,,,,,
profiles carousel,profiles carousel (variant 3),card (variant 3) - description box,right,?,,,,,,,,,,,,,,,,,
profiles carousel,profiles carousel (variant 3),card (variant 3) - read more icon,left,?,,,,,,,,,,,,,,,,,
profiles carousel,profiles carousel (variant 3),card (variant 3) - read more icon,right,?,,,,,,,,,,,,,,,,,
profiles carousel,profiles carousel (variant 4),card (variant 1) - text box,top,Padding E,,,,,,,,,,,,,,,,,
profiles carousel,profiles carousel (variant 4),card (variant 1) - text box,bottom,Padding E,,,,,,,,,,,,,,,,,
profiles carousel,profiles carousel (variant 4),card (variant 1) - text box,left,Padding E,,,,,,,,,,,,,,,,,
profiles carousel,profiles carousel (variant 4),card (variant 1) - text box,right,Padding E,,,,,,,,,,,,,,,,,
profiles carousel,profiles carousel (variant 4),card (variant 1) - name,bottom,Padding G,,,,,,,,,,,,,,,,,
profiles carousel,profiles carousel (variant 4),card (variant 1) - read more icon,top,Padding G,,,,,,,,,,,,,,,,,
profiles carousel,profiles carousel (variant 4),card (variant 1) - read more icon,bottom,?,,,,,,,,,,,,,,,,,
profiles carousel,profiles carousel (variant 4),card (variant 1) - read more icon,left,?,,,,,,,,,,,,,,,,,
profiles carousel,profiles carousel (variant 4),card (variant 1) - read more icon,right,?,,,,,,,,,,,,,,,,,
profiles carousel,profiles carousel (variant 4),card (variant 2) - text box,bottom,Padding E,,,,,,,,,,,,,,,,,
profiles carousel,profiles carousel (variant 4),card (variant 2) - text box,left,Padding E,,,,,,,,,,,,,,,,,
profiles carousel,profiles carousel (variant 4),card (variant 2) - text box,right,Padding E,,,,,,,,,,,,,,,,,
profiles carousel,profiles carousel (variant 4),card (variant 2) - name,bottom,Padding G,,,,,,,,,,,,,,,,,
profiles carousel,profiles carousel (variant 4),card (variant 3) - name,bottom,Padding E,,,,,,,,,,,,,,,,,
profiles carousel,profiles carousel (variant 4),card (variant 3) - name,left,Padding E,,,,,,,,,,,,,,,,,
profiles carousel,profiles carousel (variant 4),card (variant 3) - name,right,Padding E,,,,,,,,,,,,,,,,,
profiles carousel,profiles carousel (variant 4),card (variant 3) - description box,top,Padding E,,,,,,,,,,,,,,,,,
profiles carousel,profiles carousel (variant 4),card (variant 3) - description box,bottom,Padding E,,,,,,,,,,,,,,,,,
profiles carousel,profiles carousel (variant 4),card (variant 3) - description box,left,Padding E,,,,,,,,,,,,,,,,,
profiles carousel,profiles carousel (variant 4),card (variant 3) - description box,right,?,,,,,,,,,,,,,,,,,
profiles carousel,profiles carousel (variant 4),card (variant 3) - read more icon,left,?,,,,,,,,,,,,,,,,,
profiles carousel,profiles carousel (variant 4),card (variant 3) - read more icon,right,?,,,,,,,,,,,,,,,,,
ct text + profiles,ct text half left,,top,Padding B,,,,,,,,,,,,,,,,,
ct text + profiles,ct text half left,,bottom,Padding B,,,,,,,,,,,,,,,,,
ct text + profiles,ct text half left,,left,?,,,,,,,,,,,,,,,,,
ct text + profiles,ct text half left,,right,?,,,,,,,,,,,,,,,,,
ct text + profiles,ct carousel buttons,,left,?,,,,,,,,,,,,,,,,,
ct text + profiles,ct carousel buttons,,right,?,,,,,,,,,,,,,,,,,
ct text + profiles,ct profile half right,card (variant 1) - container,top,Padding B,,,,,,,,,,,,,,,,,
ct text + profiles,ct profile half right,card (variant 1) - container,bottom,Padding B,,,,,,,,,,,,,,,,,
ct text + profiles,ct profile half right,card (variant 2) - container,top,Padding B,,,,,,,,,,,,,,,,,
ct text + profiles,ct profile half right,card (variant 2) - container,bottom,Padding B,,,,,,,,,,,,,,,,,
ct text + profiles,ct profile half right,card (variant 3) - container,top,Padding B,,,,,,,,,,,,,,,,,
ct text + profiles,ct profile half right,card (variant 3) - container,bottom,Padding B,,,,,,,,,,,,,,,,,
ct text + profiles,ct profile half right,card (variant 1) - text box,top,Padding E,,,,,,,,,,,,,,,,,
ct text + profiles,ct profile half right,card (variant 1) - text box,bottom,Padding E,,,,,,,,,,,,,,,,,
ct text + profiles,ct profile half right,card (variant 1) - text box,left,Padding E,,,,,,,,,,,,,,,,,
ct text + profiles,ct profile half right,card (variant 1) - text box,right,Padding E,,,,,,,,,,,,,,,,,
ct text + profiles,ct profile half right,card (variant 1) - name,bottom,Padding G,,,,,,,,,,,,,,,,,
ct text + profiles,ct profile half right,card (variant 1) - read more icon,top,Padding G,,,,,,,,,,,,,,,,,
ct text + profiles,ct profile half right,card (variant 1) - read more icon,bottom,?,,,,,,,,,,,,,,,,,
ct text + profiles,ct profile half right,card (variant 1) - read more icon,left,?,,,,,,,,,,,,,,,,,
ct text + profiles,ct profile half right,card (variant 1) - read more icon,right,?,,,,,,,,,,,,,,,,,
ct text + profiles,ct profile half right,card (variant 2) - text box,bottom,Padding E,,,,,,,,,,,,,,,,,
ct text + profiles,ct profile half right,card (variant 2) - text box,left,Padding E,,,,,,,,,,,,,,,,,
ct text + profiles,ct profile half right,card (variant 2) - text box,right,Padding E,,,,,,,,,,,,,,,,,
ct text + profiles,ct profile half right,card (variant 2) - name,bottom,Padding G,,,,,,,,,,,,,,,,,
ct text + profiles,ct profile half right,card (variant 3) - name,bottom,Padding E,,,,,,,,,,,,,,,,,
ct text + profiles,ct profile half right,card (variant 3) - name,left,Padding E,,,,,,,,,,,,,,,,,
ct text + profiles,ct profile half right,card (variant 3) - name,right,Padding E,,,,,,,,,,,,,,,,,
ct text + profiles,ct profile half right,card (variant 3) - description box,top,Padding E,,,,,,,,,,,,,,,,,
ct text + profiles,ct profile half right,card (variant 3) - description box,bottom,Padding E,,,,,,,,,,,,,,,,,
ct text + profiles,ct profile half right,card (variant 3) - description box,left,Padding E,,,,,,,,,,,,,,,,,
ct text + profiles,ct profile half right,card (variant 3) - description box,right,?,,,,,,,,,,,,,,,,,
ct text + profiles,ct profile half right,card (variant 3) - read more icon,left,?,,,,,,,,,,,,,,,,,
ct text + profiles,ct profile half right,card (variant 3) - read more icon,right,?,,,,,,,,,,,,,,,,,
ct profiles + text,ct text half right,,top,Padding B,,,,,,,,,,,,,,,,,
ct profiles + text,ct text half right,,bottom,Padding B,,,,,,,,,,,,,,,,,
ct profiles + text,ct text half right,,left,?,,,,,,,,,,,,,,,,,
ct profiles + text,ct text half right,,right,?,,,,,,,,,,,,,,,,,
ct profiles + text,ct carousel buttons,,left,?,,,,,,,,,,,,,,,,,
ct profiles + text,ct carousel buttons,,right,?,,,,,,,,,,,,,,,,,
ct profiles + text,ct profile half left,card (variant 1) - container,top,Padding B,,,,,,,,,,,,,,,,,
ct profiles + text,ct profile half left,card (variant 1) - container,bottom,Padding B,,,,,,,,,,,,,,,,,
ct profiles + text,ct profile half left,card (variant 2) - container,top,Padding B,,,,,,,,,,,,,,,,,
ct profiles + text,ct profile half left,card (variant 2) - container,bottom,Padding B,,,,,,,,,,,,,,,,,
ct profiles + text,ct profile half left,card (variant 3) - container,top,Padding B,,,,,,,,,,,,,,,,,
ct profiles + text,ct profile half left,card (variant 3) - container,bottom,Padding B,,,,,,,,,,,,,,,,,
ct profiles + text,ct profile half left,card (variant 1) - text box,top,Padding E,,,,,,,,,,,,,,,,,
ct profiles + text,ct profile half left,card (variant 1) - text box,bottom,Padding E,,,,,,,,,,,,,,,,,
ct profiles + text,ct profile half left,card (variant 1) - text box,left,Padding E,,,,,,,,,,,,,,,,,
ct profiles + text,ct profile half left,card (variant 1) - text box,right,Padding E,,,,,,,,,,,,,,,,,
ct profiles + text,ct profile half left,card (variant 1) - name,bottom,Padding G,,,,,,,,,,,,,,,,,
ct profiles + text,ct profile half left,card (variant 1) - read more icon,top,Padding G,,,,,,,,,,,,,,,,,
ct profiles + text,ct profile half left,card (variant 1) - read more icon,bottom,?,,,,,,,,,,,,,,,,,
ct profiles + text,ct profile half left,card (variant 1) - read more icon,left,?,,,,,,,,,,,,,,,,,
ct profiles + text,ct profile half left,card (variant 1) - read more icon,right,?,,,,,,,,,,,,,,,,,
ct profiles + text,ct profile half left,card (variant 2) - text box,bottom,Padding E,,,,,,,,,,,,,,,,,
ct profiles + text,ct profile half left,card (variant 2) - text box,left,Padding E,,,,,,,,,,,,,,,,,
ct profiles + text,ct profile half left,card (variant 2) - text box,right,Padding E,,,,,,,,,,,,,,,,,
ct profiles + text,ct profile half left,card (variant 2) - name,bottom,Padding G,,,,,,,,,,,,,,,,,
ct profiles + text,ct profile half left,card (variant 3) - name,bottom,Padding E,,,,,,,,,,,,,,,,,
ct profiles + text,ct profile half left,card (variant 3) - name,left,Padding E,,,,,,,,,,,,,,,,,
ct profiles + text,ct profile half left,card (variant 3) - name,right,Padding E,,,,,,,,,,,,,,,,,
ct profiles + text,ct profile half left,card (variant 3) - description box,top,Padding E,,,,,,,,,,,,,,,,,
ct profiles + text,ct profile half left,card (variant 3) - description box,bottom,Padding E,,,,,,,,,,,,,,,,,
ct profiles + text,ct profile half left,card (variant 3) - description box,left,Padding E,,,,,,,,,,,,,,,,,
ct profiles + text,ct profile half left,card (variant 3) - description box,right,?,,,,,,,,,,,,,,,,,
ct profiles + text,ct profile half left,card (variant 3) - read more icon,left,?,,,,,,,,,,,,,,,,,
ct profiles + text,ct profile half left,card (variant 3) - read more icon,right,?,,,,,,,,,,,,,,,,,
profiles grid,profile card,card (variant 1) - text box,top,Padding E,,,,,,,,,,,,,,,,,
profiles grid,profile card,card (variant 1) - text box,bottom,Padding E,,,,,,,,,,,,,,,,,
profiles grid,profile card,card (variant 1) - text box,left,Padding E,,,,,,,,,,,,,,,,,
profiles grid,profile card,card (variant 1) - text box,right,Padding E,,,,,,,,,,,,,,,,,
profiles grid,profile card,card (variant 1) - name,bottom,Padding G,,,,,,,,,,,,,,,,,
profiles grid,profile card,card (variant 1) - read more icon,top,Padding G,,,,,,,,,,,,,,,,,
profiles grid,profile card,card (variant 1) - read more icon,bottom,?,,,,,,,,,,,,,,,,,
profiles grid,profile card,card (variant 1) - read more icon,left,?,,,,,,,,,,,,,,,,,
profiles grid,profile card,card (variant 1) - read more icon,right,?,,,,,,,,,,,,,,,,,
profiles grid,profile card (single card),card (variant 1) - text box,top,Padding B,,,,,,,,,,,,,,,,,
profiles grid,profile card (single card),card (variant 1) - text box,bottom,Padding B,,,,,,,,,,,,,,,,,
profiles grid,profile card (single card),card (variant 1) - text box,left,Padding C,,,,,,,,,,,,,,,,,
profiles grid,profile card (single card),card (variant 1) - text box,right,Padding C,,,,,,,,,,,,,,,,,
profiles grid,profile card (single card),card (variant 1) - name,bottom,Padding G,,,,,,,,,,,,,,,,,
profiles grid,profile card (single card),card (variant 1) - read more icon,bottom,?,,,,,,,,,,,,,,,,,
profiles grid,profile card (single card),card (variant 1) - read more icon,right,?,,,,,,,,,,,,,,,,,
profiles grid,profile card,card (variant 2) - text box,bottom,Padding E,,,,,,,,,,,,,,,,,
profiles grid,profile card,card (variant 2) - text box,left,Padding E,,,,,,,,,,,,,,,,,
profiles grid,profile card,card (variant 2) - text box,right,Padding E,,,,,,,,,,,,,,,,,
profiles grid,profile card,card (variant 2) - name,bottom,Padding G,,,,,,,,,,,,,,,,,
profiles grid,profile card (single card),card (variant 2) - text box,top,?,,,,,,,,,,,,,,,,,
profiles grid,profile card (single card),card (variant 2) - text box,bottom,?,,,,,,,,,,,,,,,,,
profiles grid,profile card (single card),card (variant 2) - text box,left,?,,,,,,,,,,,,,,,,,
profiles grid,profile card (single card),card (variant 2) - text box,right,?,,,,,,,,,,,,,,,,,
profiles grid,profile card (single card),card (variant 2) - name,bottom,?,,,,,,,,,,,,,,,,,
profiles grid,profile card (single card),card (variant 2) - read more icon,bottom,?,,,,,,,,,,,,,,,,,
profiles grid,profile card (single card),card (variant 2) - read more icon,right,?,,,,,,,,,,,,,,,,,
profiles grid,profile card,card (variant 3) - name,bottom,Padding E,,,,,,,,,,,,,,,,,
profiles grid,profile card,card (variant 3) - name,left,Padding E,,,,,,,,,,,,,,,,,
profiles grid,profile card,card (variant 3) - name,right,Padding E,,,,,,,,,,,,,,,,,
profiles grid,profile card,card (variant 3) - description box,top,Padding E,,,,,,,,,,,,,,,,,
profiles grid,profile card,card (variant 3) - description box,bottom,Padding E,,,,,,,,,,,,,,,,,
profiles grid,profile card,card (variant 3) - description box,left,Padding E,,,,,,,,,,,,,,,,,
profiles grid,profile card,card (variant 3) - description box,right,?,,,,,,,,,,,,,,,,,
profiles grid,profile card,card (variant 3) - read more icon,left,?,,,,,,,,,,,,,,,,,
profiles grid,profile card,card (variant 3) - read more icon,right,?,,,,,,,,,,,,,,,,,
profiles grid,profile card (single card),card (variant 3) - text box,top,?,,,,,,,,,,,,,,,,,
profiles grid,profile card (single card),card (variant 3) - text box,bottom,?,,,,,,,,,,,,,,,,,
profiles grid,profile card (single card),card (variant 3) - text box,left,?,,,,,,,,,,,,,,,,,
profiles grid,profile card (single card),card (variant 3) - text box,right,?,,,,,,,,,,,,,,,,,
profiles grid,profile card (single card),card (variant 3) - name,bottom,?,,,,,,,,,,,,,,,,,
profiles grid,profile card (single card),card (variant 3) - read more icon,bottom,?,,,,,,,,,,,,,,,,,
profiles grid,profile card (single card),card (variant 3) - read more icon,right,?,,,,,,,,,,,,,,,,,
profiles directory,filter bar,container,top,?,,,,,,,,,,,,,,,,,
profiles directory,filter bar,container,bottom,?,,,,,,,,,,,,,,,,,
profiles directory,filter bar,container,left,?,,,,,,,,,,,,,,,,,
profiles directory,filter bar,container,right,?,,,,,,,,,,,,,,,,,
profiles directory,filter bar,search,top,?,,,,,,,,,,,,,,,,,
profiles directory,filter bar,search,bottom,?,,,,,,,,,,,,,,,,,
profiles directory,filter bar,search,left,?,,,,,,,,,,,,,,,,,
profiles directory,filter bar,search,right,?,,,,,,,,,,,,,,,,,
profiles directory,filter bar,dropdown button - department,top,?,,,,,,,,,,,,,,,,,
profiles directory,filter bar,dropdown button - department,bottom,?,,,,,,,,,,,,,,,,,
profiles directory,filter bar,dropdown button - department,left,?,,,,,,,,,,,,,,,,,
profiles directory,filter bar,dropdown button - department,right,?,,,,,,,,,,,,,,,,,
profiles directory,filter bar,dropdown button - year,top,?,,,,,,,,,,,,,,,,,
profiles directory,filter bar,dropdown button - year,bottom,?,,,,,,,,,,,,,,,,,
profiles directory,filter bar,dropdown button - year,left,?,,,,,,,,,,,,,,,,,
profiles directory,filter bar,dropdown button - year,right,?,,,,,,,,,,,,,,,,,
profiles directory,filter bar,dropdown button - A-Z,top,?,,,,,,,,,,,,,,,,,
profiles directory,filter bar,dropdown button - A-Z,bottom,?,,,,,,,,,,,,,,,,,
profiles directory,filter bar,dropdown button - A-Z,left,?,,,,,,,,,,,,,,,,,
profiles directory,filter bar,dropdown button - A-Z,right,?,,,,,,,,,,,,,,,,,
profiles directory,profile card,card (variant 1) - text box,top,Padding E,,,,,,,,,,,,,,,,,
profiles directory,profile card,card (variant 1) - text box,bottom,Padding E,,,,,,,,,,,,,,,,,
profiles directory,profile card,card (variant 1) - text box,left,Padding E,,,,,,,,,,,,,,,,,
profiles directory,profile card,card (variant 1) - text box,right,Padding E,,,,,,,,,,,,,,,,,
profiles directory,profile card,card (variant 1) - name,bottom,Padding G,,,,,,,,,,,,,,,,,
profiles directory,profile card,card (variant 1) - read more icon,top,Padding G,,,,,,,,,,,,,,,,,
profiles directory,profile card,card (variant 1) - read more icon,bottom,?,,,,,,,,,,,,,,,,,
profiles directory,profile card,card (variant 1) - read more icon,left,?,,,,,,,,,,,,,,,,,
profiles directory,profile card,card (variant 1) - read more icon,right,?,,,,,,,,,,,,,,,,,
profiles directory,profile card,card (variant 2) - text box,bottom,Padding E,,,,,,,,,,,,,,,,,
profiles directory,profile card,card (variant 2) - text box,left,Padding E,,,,,,,,,,,,,,,,,
profiles directory,profile card,card (variant 2) - text box,right,Padding E,,,,,,,,,,,,,,,,,
profiles directory,profile card,card (variant 2) - name,bottom,Padding G,,,,,,,,,,,,,,,,,
profiles directory,profile card,card (variant 3) - name,bottom,Padding E,,,,,,,,,,,,,,,,,
profiles directory,profile card,card (variant 3) - name,left,Padding E,,,,,,,,,,,,,,,,,
profiles directory,profile card,card (variant 3) - name,right,Padding E,,,,,,,,,,,,,,,,,
profiles directory,profile card,card (variant 3) - description box,top,Padding E,,,,,,,,,,,,,,,,,
profiles directory,profile card,card (variant 3) - description box,bottom,Padding E,,,,,,,,,,,,,,,,,
profiles directory,profile card,card (variant 3) - description box,left,Padding E,,,,,,,,,,,,,,,,,
profiles directory,profile card,card (variant 3) - description box,right,?,,,,,,,,,,,,,,,,,
profiles directory,profile card,card (variant 3) - read more icon,left,?,,,,,,,,,,,,,,,,,
profiles directory,profile card,card (variant 3) - read more icon,right,?,,,,,,,,,,,,,,,,,
cards carousel,cards carousel (variant 1),card (variant 1) - text box,top,Padding E,,,,,,,,,,,,,,,,,
cards carousel,cards carousel (variant 1),card (variant 1) - text box,bottom,Padding E,,,,,,,,,,,,,,,,,
cards carousel,cards carousel (variant 1),card (variant 1) - text box,left,Padding E,,,,,,,,,,,,,,,,,
cards carousel,cards carousel (variant 1),card (variant 1) - text box,right,Padding E,,,,,,,,,,,,,,,,,
cards carousel,cards carousel (variant 1),card (variant 1) - title,bottom,Padding G,,,,,,,,,,,,,,,,,
cards carousel,cards carousel (variant 1),card (variant 2) - text box,bottom,Padding E,,,,,,,,,,,,,,,,,
cards carousel,cards carousel (variant 1),card (variant 2) - text box,left,Padding E,,,,,,,,,,,,,,,,,
cards carousel,cards carousel (variant 1),card (variant 2) - text box,right,Padding E,,,,,,,,,,,,,,,,,
cards carousel,cards carousel (variant 1),card (variant 2) - title,bottom,Padding G,,,,,,,,,,,,,,,,,
cards carousel,cards carousel (variant 1),card (variant 3) - title,bottom,Padding E,,,,,,,,,,,,,,,,,
cards carousel,cards carousel (variant 1),card (variant 3) - title,left,Padding E,,,,,,,,,,,,,,,,,
cards carousel,cards carousel (variant 1),card (variant 3) - title,right,Padding E,,,,,,,,,,,,,,,,,
cards carousel,cards carousel (variant 1),card (variant 3) - description box,top,Padding E,,,,,,,,,,,,,,,,,
cards carousel,cards carousel (variant 1),card (variant 3) - description box,bottom,Padding E,,,,,,,,,,,,,,,,,
cards carousel,cards carousel (variant 1),card (variant 3) - description box,left,Padding E,,,,,,,,,,,,,,,,,
cards carousel,cards carousel (variant 1),card (variant 3) - description box,right,Padding E,,,,,,,,,,,,,,,,,
cards carousel,cards carousel (variant 2),card (variant 1) - text box,top,Padding E,,,,,,,,,,,,,,,,,
cards carousel,cards carousel (variant 2),card (variant 1) - text box,bottom,Padding E,,,,,,,,,,,,,,,,,
cards carousel,cards carousel (variant 2),card (variant 1) - text box,left,Padding E,,,,,,,,,,,,,,,,,
cards carousel,cards carousel (variant 2),card (variant 1) - text box,right,Padding E,,,,,,,,,,,,,,,,,
cards carousel,cards carousel (variant 2),card (variant 1) - title,bottom,Padding G,,,,,,,,,,,,,,,,,
cards carousel,cards carousel (variant 2),card (variant 2) - text box,bottom,Padding E,,,,,,,,,,,,,,,,,
cards carousel,cards carousel (variant 2),card (variant 2) - text box,left,Padding E,,,,,,,,,,,,,,,,,
cards carousel,cards carousel (variant 2),card (variant 2) - text box,right,Padding E,,,,,,,,,,,,,,,,,
cards carousel,cards carousel (variant 2),card (variant 2) - title,bottom,Padding G,,,,,,,,,,,,,,,,,
cards carousel,cards carousel (variant 2),card (variant 3) - title,bottom,Padding E,,,,,,,,,,,,,,,,,
cards carousel,cards carousel (variant 2),card (variant 3) - title,left,Padding E,,,,,,,,,,,,,,,,,
cards carousel,cards carousel (variant 2),card (variant 3) - title,right,Padding E,,,,,,,,,,,,,,,,,
cards carousel,cards carousel (variant 2),card (variant 3) - description box,top,Padding E,,,,,,,,,,,,,,,,,
cards carousel,cards carousel (variant 2),card (variant 3) - description box,bottom,Padding E,,,,,,,,,,,,,,,,,
cards carousel,cards carousel (variant 2),card (variant 3) - description box,left,Padding E,,,,,,,,,,,,,,,,,
cards carousel,cards carousel (variant 2),card (variant 3) - description box,right,Padding E,,,,,,,,,,,,,,,,,
cards carousel,cards carousel (variant 3),card (variant 1) - text box,top,Padding E,,,,,,,,,,,,,,,,,
cards carousel,cards carousel (variant 3),card (variant 1) - text box,bottom,Padding E,,,,,,,,,,,,,,,,,
cards carousel,cards carousel (variant 3),card (variant 1) - text box,left,Padding E,,,,,,,,,,,,,,,,,
cards carousel,cards carousel (variant 3),card (variant 1) - text box,right,Padding E,,,,,,,,,,,,,,,,,
cards carousel,cards carousel (variant 3),card (variant 1) - title,bottom,Padding G,,,,,,,,,,,,,,,,,
cards carousel,cards carousel (variant 3),card (variant 2) - text box,bottom,Padding E,,,,,,,,,,,,,,,,,
cards carousel,cards carousel (variant 3),card (variant 2) - text box,left,Padding E,,,,,,,,,,,,,,,,,
cards carousel,cards carousel (variant 3),card (variant 2) - text box,right,Padding E,,,,,,,,,,,,,,,,,
cards carousel,cards carousel (variant 3),card (variant 2) - title,bottom,Padding G,,,,,,,,,,,,,,,,,
cards carousel,cards carousel (variant 3),card (variant 3) - title,bottom,Padding E,,,,,,,,,,,,,,,,,
cards carousel,cards carousel (variant 3),card (variant 3) - title,left,Padding E,,,,,,,,,,,,,,,,,
cards carousel,cards carousel (variant 3),card (variant 3) - title,right,Padding E,,,,,,,,,,,,,,,,,
cards carousel,cards carousel (variant 3),card (variant 3) - description box,top,Padding E,,,,,,,,,,,,,,,,,
cards carousel,cards carousel (variant 3),card (variant 3) - description box,bottom,Padding E,,,,,,,,,,,,,,,,,
cards carousel,cards carousel (variant 3),card (variant 3) - description box,left,Padding E,,,,,,,,,,,,,,,,,
cards carousel,cards carousel (variant 3),card (variant 3) - description box,right,Padding E,,,,,,,,,,,,,,,,,
cards carousel,cards carousel (variant 4),card (variant 1) - text box,top,Padding E,,,,,,,,,,,,,,,,,
cards carousel,cards carousel (variant 4),card (variant 1) - text box,bottom,Padding E,,,,,,,,,,,,,,,,,
cards carousel,cards carousel (variant 4),card (variant 1) - text box,left,Padding E,,,,,,,,,,,,,,,,,
cards carousel,cards carousel (variant 4),card (variant 1) - text box,right,Padding E,,,,,,,,,,,,,,,,,
cards carousel,cards carousel (variant 4),card (variant 1) - title,bottom,Padding G,,,,,,,,,,,,,,,,,
cards carousel,cards carousel (variant 4),card (variant 2) - text box,bottom,Padding E,,,,,,,,,,,,,,,,,
cards carousel,cards carousel (variant 4),card (variant 2) - text box,left,Padding E,,,,,,,,,,,,,,,,,
cards carousel,cards carousel (variant 4),card (variant 2) - text box,right,Padding E,,,,,,,,,,,,,,,,,
cards carousel,cards carousel (variant 4),card (variant 2) - title,bottom,Padding G,,,,,,,,,,,,,,,,,
cards carousel,cards carousel (variant 4),card (variant 3) - title,bottom,Padding E,,,,,,,,,,,,,,,,,
cards carousel,cards carousel (variant 4),card (variant 3) - title,left,Padding E,,,,,,,,,,,,,,,,,
cards carousel,cards carousel (variant 4),card (variant 3) - title,right,Padding E,,,,,,,,,,,,,,,,,
cards carousel,cards carousel (variant 4),card (variant 3) - description box,top,Padding E,,,,,,,,,,,,,,,,,
cards carousel,cards carousel (variant 4),card (variant 3) - description box,bottom,Padding E,,,,,,,,,,,,,,,,,
cards carousel,cards carousel (variant 4),card (variant 3) - description box,left,Padding E,,,,,,,,,,,,,,,,,
cards carousel,cards carousel (variant 4),card (variant 3) - description box,right,Padding E,,,,,,,,,,,,,,,,,
ct text + cards,ct text half left,,top,Padding B,,,,,,,,,,,,,,,,,
ct text + cards,ct text half left,,bottom,Padding B,,,,,,,,,,,,,,,,,
ct text + cards,ct text half left,,left,?,,,,,,,,,,,,,,,,,
ct text + cards,ct text half left,,right,?,,,,,,,,,,,,,,,,,
ct text + cards,ct carousel buttons,,left,?,,,,,,,,,,,,,,,,,
ct text + cards,ct carousel buttons,,right,?,,,,,,,,,,,,,,,,,
ct text + cards,ct cards half right,card (variant 1) - container,top,Padding B,,,,,,,,,,,,,,,,,
ct text + cards,ct cards half right,card (variant 1) - container,bottom,Padding B,,,,,,,,,,,,,,,,,
ct text + cards,ct cards half right,card (variant 2) - container,top,Padding B,,,,,,,,,,,,,,,,,
ct text + cards,ct cards half right,card (variant 2) - container,bottom,Padding B,,,,,,,,,,,,,,,,,
ct text + cards,ct cards half right,card (variant 3) - container,top,Padding B,,,,,,,,,,,,,,,,,
ct text + cards,ct cards half right,card (variant 3) - container,bottom,Padding B,,,,,,,,,,,,,,,,,
ct text + cards,ct cards half right,card (variant 1) - text box,top,Padding E,,,,,,,,,,,,,,,,,
ct text + cards,ct cards half right,card (variant 1) - text box,bottom,Padding E,,,,,,,,,,,,,,,,,
ct text + cards,ct cards half right,card (variant 1) - text box,left,Padding E,,,,,,,,,,,,,,,,,
ct text + cards,ct cards half right,card (variant 1) - text box,right,Padding E,,,,,,,,,,,,,,,,,
ct text + cards,ct cards half right,card (variant 1) - title,bottom,Padding G,,,,,,,,,,,,,,,,,
ct text + cards,ct cards half right,card (variant 2) - text box,bottom,Padding E,,,,,,,,,,,,,,,,,
ct text + cards,ct cards half right,card (variant 2) - text box,left,Padding E,,,,,,,,,,,,,,,,,
ct text + cards,ct cards half right,card (variant 2) - text box,right,Padding E,,,,,,,,,,,,,,,,,
ct text + cards,ct cards half right,card (variant 2) - title,bottom,Padding G,,,,,,,,,,,,,,,,,
ct text + cards,ct cards half right,card (variant 3) - title,bottom,Padding E,,,,,,,,,,,,,,,,,
ct text + cards,ct cards half right,card (variant 3) - title,left,Padding E,,,,,,,,,,,,,,,,,
ct text + cards,ct cards half right,card (variant 3) - title,right,Padding E,,,,,,,,,,,,,,,,,
ct text + cards,ct cards half right,card (variant 3) - description box,top,Padding E,,,,,,,,,,,,,,,,,
ct text + cards,ct cards half right,card (variant 3) - description box,bottom,Padding E,,,,,,,,,,,,,,,,,
ct text + cards,ct cards half right,card (variant 3) - description box,left,Padding E,,,,,,,,,,,,,,,,,
ct text + cards,ct cards half right,card (variant 3) - description box,right,Padding E,,,,,,,,,,,,,,,,,
ct cards + text,ct text half right,,top,Padding B,,,,,,,,,,,,,,,,,
ct cards + text,ct text half right,,bottom,Padding B,,,,,,,,,,,,,,,,,
ct cards + text,ct text half right,,left,?,,,,,,,,,,,,,,,,,
ct cards + text,ct text half right,,right,?,,,,,,,,,,,,,,,,,
ct cards + text,ct carousel buttons,,left,?,,,,,,,,,,,,,,,,,
ct cards + text,ct carousel buttons,,right,?,,,,,,,,,,,,,,,,,
ct cards + text,ct cards half left,card (variant 1) - container,top,Padding B,,,,,,,,,,,,,,,,,
ct cards + text,ct cards half left,card (variant 1) - container,bottom,Padding B,,,,,,,,,,,,,,,,,
ct cards + text,ct cards half left,card (variant 2) - container,top,Padding B,,,,,,,,,,,,,,,,,
ct cards + text,ct cards half left,card (variant 2) - container,bottom,Padding B,,,,,,,,,,,,,,,,,
ct cards + text,ct cards half left,card (variant 3) - container,top,Padding B,,,,,,,,,,,,,,,,,
ct cards + text,ct cards half left,card (variant 3) - container,bottom,Padding B,,,,,,,,,,,,,,,,,
ct cards + text,ct cards half left,card (variant 1) - text box,top,Padding E,,,,,,,,,,,,,,,,,
ct cards + text,ct cards half left,card (variant 1) - text box,bottom,Padding E,,,,,,,,,,,,,,,,,
ct cards + text,ct cards half left,card (variant 1) - text box,left,Padding E,,,,,,,,,,,,,,,,,
ct cards + text,ct cards half left,card (variant 1) - text box,right,Padding E,,,,,,,,,,,,,,,,,
ct cards + text,ct cards half left,card (variant 1) - title,bottom,Padding G,,,,,,,,,,,,,,,,,
ct cards + text,ct cards half left,card (variant 2) - text box,bottom,Padding E,,,,,,,,,,,,,,,,,
ct cards + text,ct cards half left,card (variant 2) - text box,left,Padding E,,,,,,,,,,,,,,,,,
ct cards + text,ct cards half left,card (variant 2) - text box,right,Padding E,,,,,,,,,,,,,,,,,
ct cards + text,ct cards half left,card (variant 2) - title,bottom,Padding G,,,,,,,,,,,,,,,,,
ct cards + text,ct cards half left,card (variant 3) - title,bottom,Padding E,,,,,,,,,,,,,,,,,
ct cards + text,ct cards half left,card (variant 3) - title,left,Padding E,,,,,,,,,,,,,,,,,
ct cards + text,ct cards half left,card (variant 3) - title,right,Padding E,,,,,,,,,,,,,,,,,
ct cards + text,ct cards half left,card (variant 3) - description box,top,Padding E,,,,,,,,,,,,,,,,,
ct cards + text,ct cards half left,card (variant 3) - description box,bottom,Padding E,,,,,,,,,,,,,,,,,
ct cards + text,ct cards half left,card (variant 3) - description box,left,Padding E,,,,,,,,,,,,,,,,,
ct cards + text,ct cards half left,card (variant 3) - description box,right,Padding E,,,,,,,,,,,,,,,,,
cards grid,cards card,card (variant 1) - text box,top,Padding E,,,,,,,,,,,,,,,,,
cards grid,cards card,card (variant 1) - text box,bottom,Padding E,,,,,,,,,,,,,,,,,
cards grid,cards card,card (variant 1) - text box,left,Padding E,,,,,,,,,,,,,,,,,
cards grid,cards card,card (variant 1) - text box,right,Padding E,,,,,,,,,,,,,,,,,
cards grid,cards card,card (variant 1) - title,bottom,Padding G,,,,,,,,,,,,,,,,,
cards grid,cards card (single card),card (variant 1) - text box,top,Padding B,,,,,,,,,,,,,,,,,
cards grid,cards card (single card),card (variant 1) - text box,bottom,Padding B,,,,,,,,,,,,,,,,,
cards grid,cards card (single card),card (variant 1) - text box,left,Padding C,,,,,,,,,,,,,,,,,
cards grid,cards card (single card),card (variant 1) - text box,right,Padding C,,,,,,,,,,,,,,,,,
cards grid,cards card (single card),card (variant 1) - name,bottom,Padding G,,,,,,,,,,,,,,,,,
cards grid,cards card (single card),card (variant 1) - read more icon,bottom,?,,,,,,,,,,,,,,,,,
cards grid,cards card (single card),card (variant 1) - read more icon,right,?,,,,,,,,,,,,,,,,,
cards grid,cards card,card (variant 2) - text box,bottom,Padding E,,,,,,,,,,,,,,,,,
cards grid,cards card,card (variant 2) - text box,left,Padding E,,,,,,,,,,,,,,,,,
cards grid,cards card,card (variant 2) - text box,right,Padding E,,,,,,,,,,,,,,,,,
cards grid,cards card,card (variant 2) - title,bottom,Padding G,,,,,,,,,,,,,,,,,
cards grid,cards card (single card),card (variant 2) - text box,top,?,,,,,,,,,,,,,,,,,
cards grid,cards card (single card),card (variant 2) - text box,bottom,?,,,,,,,,,,,,,,,,,
cards grid,cards card (single card),card (variant 2) - text box,left,?,,,,,,,,,,,,,,,,,
cards grid,cards card (single card),card (variant 2) - text box,right,?,,,,,,,,,,,,,,,,,
cards grid,cards card (single card),card (variant 2) - name,bottom,?,,,,,,,,,,,,,,,,,
cards grid,cards card (single card),card (variant 2) - read more icon,bottom,?,,,,,,,,,,,,,,,,,
cards grid,cards card (single card),card (variant 2) - read more icon,right,?,,,,,,,,,,,,,,,,,
cards grid,cards card,card (variant 3) - title,bottom,Padding E,,,,,,,,,,,,,,,,,
cards grid,cards card,card (variant 3) - title,left,Padding E,,,,,,,,,,,,,,,,,
cards grid,cards card,card (variant 3) - title,right,Padding E,,,,,,,,,,,,,,,,,
cards grid,cards card,card (variant 3) - description box,top,Padding E,,,,,,,,,,,,,,,,,
cards grid,cards card,card (variant 3) - description box,bottom,Padding E,,,,,,,,,,,,,,,,,
cards grid,cards card,card (variant 3) - description box,left,Padding E,,,,,,,,,,,,,,,,,
cards grid,cards card,card (variant 3) - description box,right,Padding E,,,,,,,,,,,,,,,,,
cards grid,cards card (single card),card (variant 3) - text box,top,?,,,,,,,,,,,,,,,,,
cards grid,cards card (single card),card (variant 3) - text box,bottom,?,,,,,,,,,,,,,,,,,
cards grid,cards card (single card),card (variant 3) - text box,left,?,,,,,,,,,,,,,,,,,
cards grid,cards card (single card),card (variant 3) - text box,right,?,,,,,,,,,,,,,,,,,
cards grid,cards card (single card),card (variant 3) - name,bottom,?,,,,,,,,,,,,,,,,,
cards grid,cards card (single card),card (variant 3) - read more icon,bottom,?,,,,,,,,,,,,,,,,,
cards grid,cards card (single card),card (variant 3) - read more icon,right,?,,,,,,,,,,,,,,,,,
events carousel,events carousel (variant 1),card (variant 1) - date box,top,Padding E,,,,,,,,,,,,,,,,,
events carousel,events carousel (variant 1),card (variant 1) - date box,bottom,Padding E,,,,,,,,,,,,,,,,,
events carousel,events carousel (variant 1),card (variant 1) - date box,left,Padding E,,,,,,,,,,,,,,,,,
events carousel,events carousel (variant 1),card (variant 1) - date box,right,Padding E,,,,,,,,,,,,,,,,,
events carousel,events carousel (variant 1),card (variant 1) - date box number,bottom,?,,,,,,,,,,,,,,,,,
events carousel,events carousel (variant 1),card (variant 1) - text box,top,Padding E,,,,,,,,,,,,,,,,,
events carousel,events carousel (variant 1),card (variant 1) - text box,bottom,Padding E,,,,,,,,,,,,,,,,,
events carousel,events carousel (variant 1),card (variant 1) - text box,left,Padding E,,,,,,,,,,,,,,,,,
events carousel,events carousel (variant 1),card (variant 1) - text box,right,Padding E,,,,,,,,,,,,,,,,,
events carousel,events carousel (variant 1),card (variant 1) - title,bottom,Padding G,,,,,,,,,,,,,,,,,
events carousel,events carousel (variant 1),card (variant 2) - date box,top,Padding E,,,,,,,,,,,,,,,,,
events carousel,events carousel (variant 1),card (variant 2) - date box,bottom,Padding E,,,,,,,,,,,,,,,,,
events carousel,events carousel (variant 1),card (variant 2) - date box,left,Padding E,,,,,,,,,,,,,,,,,
events carousel,events carousel (variant 1),card (variant 2) - date box,right,Padding E,,,,,,,,,,,,,,,,,
events carousel,events carousel (variant 1),card (variant 2) - date box number,right,?,,,,,,,,,,,,,,,,,
events carousel,events carousel (variant 1),card (variant 2) - text box,top,Padding E,,,,,,,,,,,,,,,,,
events carousel,events carousel (variant 1),card (variant 2) - text box,bottom,Padding E,,,,,,,,,,,,,,,,,
events carousel,events carousel (variant 1),card (variant 2) - text box,left,Padding E,,,,,,,,,,,,,,,,,
events carousel,events carousel (variant 1),card (variant 2) - text box,right,Padding E,,,,,,,,,,,,,,,,,
events carousel,events carousel (variant 1),card (variant 2) - title,bottom,Padding G,,,,,,,,,,,,,,,,,
events carousel,events carousel (variant 1),card (variant 3) - date box,top,Padding E,,,,,,,,,,,,,,,,,
events carousel,events carousel (variant 1),card (variant 3) - date box,bottom,Padding E,,,,,,,,,,,,,,,,,
events carousel,events carousel (variant 1),card (variant 3) - date box,left,Padding E,,,,,,,,,,,,,,,,,
events carousel,events carousel (variant 1),card (variant 3) - date box,right,Padding E,,,,,,,,,,,,,,,,,
events carousel,events carousel (variant 1),card (variant 3) - date box number,bottom,?,,,,,,,,,,,,,,,,,
events carousel,events carousel (variant 1),card (variant 3) - title,bottom,Padding E,,,,,,,,,,,,,,,,,
events carousel,events carousel (variant 1),card (variant 3) - title,left,Padding E,,,,,,,,,,,,,,,,,
events carousel,events carousel (variant 1),card (variant 3) - title,right,Padding E,,,,,,,,,,,,,,,,,
events carousel,events carousel (variant 1),card (variant 3) - time box,top,Padding E,,,,,,,,,,,,,,,,,
events carousel,events carousel (variant 1),card (variant 3) - time box,bottom,Padding E,,,,,,,,,,,,,,,,,
events carousel,events carousel (variant 1),card (variant 3) - time box,left,Padding E,,,,,,,,,,,,,,,,,
events carousel,events carousel (variant 1),card (variant 3) - time box,right,Padding E,,,,,,,,,,,,,,,,,
events carousel,events carousel (variant 1),title,bottom,Padding D,,,,,,,,,,,,,,,,,
events carousel,events carousel (variant 1),controls,top,?,,,,,,,,,,,,,,,,,
events carousel,events carousel (variant 2),card (variant 1) - date box,top,Padding E,,,,,,,,,,,,,,,,,
events carousel,events carousel (variant 2),card (variant 1) - date box,bottom,Padding E,,,,,,,,,,,,,,,,,
events carousel,events carousel (variant 2),card (variant 1) - date box,left,Padding E,,,,,,,,,,,,,,,,,
events carousel,events carousel (variant 2),card (variant 1) - date box,right,Padding E,,,,,,,,,,,,,,,,,
events carousel,events carousel (variant 2),card (variant 1) - date box number,bottom,?,,,,,,,,,,,,,,,,,
events carousel,events carousel (variant 2),card (variant 1) - text box,top,Padding E,,,,,,,,,,,,,,,,,
events carousel,events carousel (variant 2),card (variant 1) - text box,bottom,Padding E,,,,,,,,,,,,,,,,,
events carousel,events carousel (variant 2),card (variant 1) - text box,left,Padding E,,,,,,,,,,,,,,,,,
events carousel,events carousel (variant 2),card (variant 1) - text box,right,Padding E,,,,,,,,,,,,,,,,,
events carousel,events carousel (variant 2),card (variant 1) - title,bottom,Padding G,,,,,,,,,,,,,,,,,
events carousel,events carousel (variant 2),card (variant 2) - date box,top,Padding E,,,,,,,,,,,,,,,,,
events carousel,events carousel (variant 2),card (variant 2) - date box,bottom,Padding E,,,,,,,,,,,,,,,,,
events carousel,events carousel (variant 2),card (variant 2) - date box,left,Padding E,,,,,,,,,,,,,,,,,
events carousel,events carousel (variant 2),card (variant 2) - date box,right,Padding E,,,,,,,,,,,,,,,,,
events carousel,events carousel (variant 2),card (variant 2) - date box number,right,?,,,,,,,,,,,,,,,,,
events carousel,events carousel (variant 2),card (variant 2) - text box,top,Padding E,,,,,,,,,,,,,,,,,
events carousel,events carousel (variant 2),card (variant 2) - text box,bottom,Padding E,,,,,,,,,,,,,,,,,
events carousel,events carousel (variant 2),card (variant 2) - text box,left,Padding E,,,,,,,,,,,,,,,,,
events carousel,events carousel (variant 2),card (variant 2) - text box,right,Padding E,,,,,,,,,,,,,,,,,
events carousel,events carousel (variant 2),card (variant 2) - title,bottom,Padding G,,,,,,,,,,,,,,,,,
events carousel,events carousel (variant 2),card (variant 3) - date box,top,Padding E,,,,,,,,,,,,,,,,,
events carousel,events carousel (variant 2),card (variant 3) - date box,bottom,Padding E,,,,,,,,,,,,,,,,,
events carousel,events carousel (variant 2),card (variant 3) - date box,left,Padding E,,,,,,,,,,,,,,,,,
events carousel,events carousel (variant 2),card (variant 3) - date box,right,Padding E,,,,,,,,,,,,,,,,,
events carousel,events carousel (variant 2),card (variant 3) - date box number,bottom,?,,,,,,,,,,,,,,,,,
events carousel,events carousel (variant 2),card (variant 3) - title,bottom,Padding E,,,,,,,,,,,,,,,,,
events carousel,events carousel (variant 2),card (variant 3) - title,left,Padding E,,,,,,,,,,,,,,,,,
events carousel,events carousel (variant 2),card (variant 3) - title,right,Padding E,,,,,,,,,,,,,,,,,
events carousel,events carousel (variant 2),card (variant 3) - time box,top,Padding E,,,,,,,,,,,,,,,,,
events carousel,events carousel (variant 2),card (variant 3) - time box,bottom,Padding E,,,,,,,,,,,,,,,,,
events carousel,events carousel (variant 2),card (variant 3) - time box,left,Padding E,,,,,,,,,,,,,,,,,
events carousel,events carousel (variant 2),card (variant 3) - time box,right,Padding E,,,,,,,,,,,,,,,,,
events carousel,events carousel (variant 2),title,bottom,Padding D,,,,,,,,,,,,,,,,,
events carousel,events carousel (variant 2),controls,right,?,,,,,,,,,,,,,,,,,
ct text + events,ct text half left,,top,Padding B,,,,,,,,,,,,,,,,,
ct text + events,ct text half left,,bottom,Padding B,,,,,,,,,,,,,,,,,
ct text + events,ct text half left,,left,?,,,,,,,,,,,,,,,,,
ct text + events,ct text half left,,right,?,,,,,,,,,,,,,,,,,
ct text + events,ct carousel buttons,,left,?,,,,,,,,,,,,,,,,,
ct text + events,ct carousel buttons,,right,?,,,,,,,,,,,,,,,,,
ct text + events,ct events half right,card (variant 1) - date box,top,Padding E,,,,,,,,,,,,,,,,,
ct text + events,ct events half right,card (variant 1) - date box,bottom,Padding E,,,,,,,,,,,,,,,,,
ct text + events,ct events half right,card (variant 1) - date box,left,Padding E,,,,,,,,,,,,,,,,,
ct text + events,ct events half right,card (variant 1) - date box,right,Padding E,,,,,,,,,,,,,,,,,
ct text + events,ct events half right,card (variant 1) - date box number,bottom,?,,,,,,,,,,,,,,,,,
ct text + events,ct events half right,card (variant 1) - text box,top,Padding E,,,,,,,,,,,,,,,,,
ct text + events,ct events half right,card (variant 1) - text box,bottom,Padding E,,,,,,,,,,,,,,,,,
ct text + events,ct events half right,card (variant 1) - text box,left,Padding E,,,,,,,,,,,,,,,,,
ct text + events,ct events half right,card (variant 1) - text box,right,Padding E,,,,,,,,,,,,,,,,,
ct text + events,ct events half right,card (variant 1) - title,bottom,Padding G,,,,,,,,,,,,,,,,,
ct text + events,ct events half right,card (variant 2) - date box,top,Padding E,,,,,,,,,,,,,,,,,
ct text + events,ct events half right,card (variant 2) - date box,bottom,Padding E,,,,,,,,,,,,,,,,,
ct text + events,ct events half right,card (variant 2) - date box,left,Padding E,,,,,,,,,,,,,,,,,
ct text + events,ct events half right,card (variant 2) - date box,right,Padding E,,,,,,,,,,,,,,,,,
ct text + events,ct events half right,card (variant 2) - date box number,right,?,,,,,,,,,,,,,,,,,
ct text + events,ct events half right,card (variant 2) - text box,top,Padding E,,,,,,,,,,,,,,,,,
ct text + events,ct events half right,card (variant 2) - text box,bottom,Padding E,,,,,,,,,,,,,,,,,
ct text + events,ct events half right,card (variant 2) - text box,left,Padding E,,,,,,,,,,,,,,,,,
ct text + events,ct events half right,card (variant 2) - text box,right,Padding E,,,,,,,,,,,,,,,,,
ct text + events,ct events half right,card (variant 2) - title,bottom,Padding G,,,,,,,,,,,,,,,,,
ct text + events,ct events half right,card (variant 3) - date box,top,Padding E,,,,,,,,,,,,,,,,,
ct text + events,ct events half right,card (variant 3) - date box,bottom,Padding E,,,,,,,,,,,,,,,,,
ct text + events,ct events half right,card (variant 3) - date box,left,Padding E,,,,,,,,,,,,,,,,,
ct text + events,ct events half right,card (variant 3) - date box,right,Padding E,,,,,,,,,,,,,,,,,
ct text + events,ct events half right,card (variant 3) - date box number,bottom,?,,,,,,,,,,,,,,,,,
ct text + events,ct events half right,card (variant 3) - title,bottom,Padding E,,,,,,,,,,,,,,,,,
ct text + events,ct events half right,card (variant 3) - title,left,Padding E,,,,,,,,,,,,,,,,,
ct text + events,ct events half right,card (variant 3) - title,right,Padding E,,,,,,,,,,,,,,,,,
ct text + events,ct events half right,card (variant 3) - time box,top,Padding E,,,,,,,,,,,,,,,,,
ct text + events,ct events half right,card (variant 3) - time box,bottom,Padding E,,,,,,,,,,,,,,,,,
ct text + events,ct events half right,card (variant 3) - time box,left,Padding E,,,,,,,,,,,,,,,,,
ct text + events,ct events half right,card (variant 3) - time box,right,Padding E,,,,,,,,,,,,,,,,,
ct events + text,ct text half right,,top,Padding B,,,,,,,,,,,,,,,,,
ct events + text,ct text half right,,bottom,Padding B,,,,,,,,,,,,,,,,,
ct events + text,ct text half right,,left,?,,,,,,,,,,,,,,,,,
ct events + text,ct text half right,,right,?,,,,,,,,,,,,,,,,,
ct events + text,ct carousel buttons,,left,?,,,,,,,,,,,,,,,,,
ct events + text,ct carousel buttons,,right,?,,,,,,,,,,,,,,,,,
ct events + text,ct events half left,card (variant 1) - date box,top,Padding E,,,,,,,,,,,,,,,,,
ct events + text,ct events half left,card (variant 1) - date box,bottom,Padding E,,,,,,,,,,,,,,,,,
ct events + text,ct events half left,card (variant 1) - date box,left,Padding E,,,,,,,,,,,,,,,,,
ct events + text,ct events half left,card (variant 1) - date box,right,Padding E,,,,,,,,,,,,,,,,,
ct events + text,ct events half left,card (variant 1) - date box number,bottom,?,,,,,,,,,,,,,,,,,
ct events + text,ct events half left,card (variant 1) - text box,top,Padding E,,,,,,,,,,,,,,,,,
ct events + text,ct events half left,card (variant 1) - text box,bottom,Padding E,,,,,,,,,,,,,,,,,
ct events + text,ct events half left,card (variant 1) - text box,left,Padding E,,,,,,,,,,,,,,,,,
ct events + text,ct events half left,card (variant 1) - text box,right,Padding E,,,,,,,,,,,,,,,,,
ct events + text,ct events half left,card (variant 1) - title,bottom,Padding G,,,,,,,,,,,,,,,,,
ct events + text,ct events half left,card (variant 2) - date box,top,Padding E,,,,,,,,,,,,,,,,,
ct events + text,ct events half left,card (variant 2) - date box,bottom,Padding E,,,,,,,,,,,,,,,,,
ct events + text,ct events half left,card (variant 2) - date box,left,Padding E,,,,,,,,,,,,,,,,,
ct events + text,ct events half left,card (variant 2) - date box,right,Padding E,,,,,,,,,,,,,,,,,
ct events + text,ct events half left,card (variant 2) - date box number,right,?,,,,,,,,,,,,,,,,,
ct events + text,ct events half left,card (variant 2) - text box,top,Padding E,,,,,,,,,,,,,,,,,
ct events + text,ct events half left,card (variant 2) - text box,bottom,Padding E,,,,,,,,,,,,,,,,,
ct events + text,ct events half left,card (variant 2) - text box,left,Padding E,,,,,,,,,,,,,,,,,
ct events + text,ct events half left,card (variant 2) - text box,right,Padding E,,,,,,,,,,,,,,,,,
ct events + text,ct events half left,card (variant 2) - title,bottom,Padding G,,,,,,,,,,,,,,,,,
ct events + text,ct events half left,card (variant 3) - date box,top,Padding E,,,,,,,,,,,,,,,,,
ct events + text,ct events half left,card (variant 3) - date box,bottom,Padding E,,,,,,,,,,,,,,,,,
ct events + text,ct events half left,card (variant 3) - date box,left,Padding E,,,,,,,,,,,,,,,,,
ct events + text,ct events half left,card (variant 3) - date box,right,Padding E,,,,,,,,,,,,,,,,,
ct events + text,ct events half left,card (variant 3) - date box number,bottom,?,,,,,,,,,,,,,,,,,
ct events + text,ct events half left,card (variant 3) - title,bottom,Padding E,,,,,,,,,,,,,,,,,
ct events + text,ct events half left,card (variant 3) - title,left,Padding E,,,,,,,,,,,,,,,,,
ct events + text,ct events half left,card (variant 3) - title,right,Padding E,,,,,,,,,,,,,,,,,
ct events + text,ct events half left,card (variant 3) - time box,top,Padding E,,,,,,,,,,,,,,,,,
ct events + text,ct events half left,card (variant 3) - time box,bottom,Padding E,,,,,,,,,,,,,,,,,
ct events + text,ct events half left,card (variant 3) - time box,left,Padding E,,,,,,,,,,,,,,,,,
ct events + text,ct events half left,card (variant 3) - time box,right,Padding E,,,,,,,,,,,,,,,,,
events grid,events card,card (variant 1) - date box,top,Padding E,,,,,,,,,,,,,,,,,
events grid,events card,card (variant 1) - date box,bottom,Padding E,,,,,,,,,,,,,,,,,
events grid,events card,card (variant 1) - date box,left,Padding E,,,,,,,,,,,,,,,,,
events grid,events card,card (variant 1) - date box,right,Padding E,,,,,,,,,,,,,,,,,
events grid,events card,card (variant 1) - date box number,bottom,?,,,,,,,,,,,,,,,,,
events grid,events card,card (variant 1) - text box,top,Padding E,,,,,,,,,,,,,,,,,
events grid,events card,card (variant 1) - text box,bottom,Padding E,,,,,,,,,,,,,,,,,
events grid,events card,card (variant 1) - text box,left,Padding E,,,,,,,,,,,,,,,,,
events grid,events card,card (variant 1) - text box,right,Padding E,,,,,,,,,,,,,,,,,
events grid,events card,card (variant 1) - title,bottom,Padding G,,,,,,,,,,,,,,,,,
events grid,events card (single card),card (variant 1) - date box,top,Padding E,,,,,,,,,,,,,,,,,
events grid,events card (single card),card (variant 1) - date box,bottom,Padding E,,,,,,,,,,,,,,,,,
events grid,events card (single card),card (variant 1) - date box,left,Padding E,,,,,,,,,,,,,,,,,
events grid,events card (single card),card (variant 1) - date box,right,Padding E,,,,,,,,,,,,,,,,,
events grid,events card (single card),card (variant 1) - date box number,bottom,?,,,,,,,,,,,,,,,,,
events grid,events card (single card),card (variant 1) - text box,top,Padding B,,,,,,,,,,,,,,,,,
events grid,events card (single card),card (variant 1) - text box,bottom,Padding B,,,,,,,,,,,,,,,,,
events grid,events card (single card),card (variant 1) - text box,left,Padding C,,,,,,,,,,,,,,,,,
events grid,events card (single card),card (variant 1) - text box,right,Padding C,,,,,,,,,,,,,,,,,
events grid,events card (single card),card (variant 1) - time,bottom,Padding H,,,,,,,,,,,,,,,,,
events grid,events card (single card),card (variant 1) - title,bottom,Padding G,,,,,,,,,,,,,,,,,
events grid,events card,card (variant 2) - date box,top,Padding E,,,,,,,,,,,,,,,,,
events grid,events card,card (variant 2) - date box,bottom,Padding E,,,,,,,,,,,,,,,,,
events grid,events card,card (variant 2) - date box,left,Padding E,,,,,,,,,,,,,,,,,
events grid,events card,card (variant 2) - date box,right,Padding E,,,,,,,,,,,,,,,,,
events grid,events card,card (variant 2) - date box number,right,?,,,,,,,,,,,,,,,,,
events grid,events card,card (variant 2) - text box,top,Padding E,,,,,,,,,,,,,,,,,
events grid,events card,card (variant 2) - text box,bottom,Padding E,,,,,,,,,,,,,,,,,
events grid,events card,card (variant 2) - text box,left,Padding E,,,,,,,,,,,,,,,,,
events grid,events card,card (variant 2) - text box,right,Padding E,,,,,,,,,,,,,,,,,
events grid,events card,card (variant 2) - title,bottom,Padding G,,,,,,,,,,,,,,,,,
events grid,events card (single card),card (variant 2) - date box,top,?,,,,,,,,,,,,,,,,,
events grid,events card (single card),card (variant 2) - date box,bottom,?,,,,,,,,,,,,,,,,,
events grid,events card (single card),card (variant 2) - date box,left,?,,,,,,,,,,,,,,,,,
events grid,events card (single card),card (variant 2) - date box,right,?,,,,,,,,,,,,,,,,,
events grid,events card (single card),card (variant 2) - date box number,bottom,?,,,,,,,,,,,,,,,,,
events grid,events card (single card),card (variant 2) - text box,top,?,,,,,,,,,,,,,,,,,
events grid,events card (single card),card (variant 2) - text box,bottom,?,,,,,,,,,,,,,,,,,
events grid,events card (single card),card (variant 2) - text box,left,?,,,,,,,,,,,,,,,,,
events grid,events card (single card),card (variant 2) - text box,right,?,,,,,,,,,,,,,,,,,
events grid,events card (single card),card (variant 2) - time,bottom,?,,,,,,,,,,,,,,,,,
events grid,events card (single card),card (variant 2) - title,bottom,?,,,,,,,,,,,,,,,,,
events grid,events card,card (variant 3) - date box,top,Padding E,,,,,,,,,,,,,,,,,
events grid,events card,card (variant 3) - date box,bottom,Padding E,,,,,,,,,,,,,,,,,
events grid,events card,card (variant 3) - date box,left,Padding E,,,,,,,,,,,,,,,,,
events grid,events card,card (variant 3) - date box,right,Padding E,,,,,,,,,,,,,,,,,
events grid,events card,card (variant 3) - date box number,bottom,?,,,,,,,,,,,,,,,,,
events grid,events card,card (variant 3) - title,bottom,Padding E,,,,,,,,,,,,,,,,,
events grid,events card,card (variant 3) - title,left,Padding E,,,,,,,,,,,,,,,,,
events grid,events card,card (variant 3) - title,right,Padding E,,,,,,,,,,,,,,,,,
events grid,events card,card (variant 3) - time box,top,Padding E,,,,,,,,,,,,,,,,,
events grid,events card,card (variant 3) - time box,bottom,Padding E,,,,,,,,,,,,,,,,,
events grid,events card,card (variant 3) - time box,left,Padding E,,,,,,,,,,,,,,,,,
events grid,events card,card (variant 3) - time box,right,Padding E,,,,,,,,,,,,,,,,,
events grid,events card (single card),card (variant 3) - date box,top,?,,,,,,,,,,,,,,,,,
events grid,events card (single card),card (variant 3) - date box,bottom,?,,,,,,,,,,,,,,,,,
events grid,events card (single card),card (variant 3) - date box,left,?,,,,,,,,,,,,,,,,,
events grid,events card (single card),card (variant 3) - date box,right,?,,,,,,,,,,,,,,,,,
events grid,events card (single card),card (variant 3) - date box number,bottom,?,,,,,,,,,,,,,,,,,
events grid,events card (single card),card (variant 3) - text box,top,?,,,,,,,,,,,,,,,,,
events grid,events card (single card),card (variant 3) - text box,bottom,?,,,,,,,,,,,,,,,,,
events grid,events card (single card),card (variant 3) - text box,left,?,,,,,,,,,,,,,,,,,
events grid,events card (single card),card (variant 3) - text box,right,?,,,,,,,,,,,,,,,,,
events grid,events card (single card),card (variant 3) - time,bottom,?,,,,,,,,,,,,,,,,,
events grid,events card (single card),card (variant 3) - title,bottom,?,,,,,,,,,,,,,,,,,
events list,events list (variant 1),container,top,Padding B,,,,,,,,,,,,,,,,,
events list,events list (variant 1),container,bottom,Padding B,,,,,,,,,,,,,,,,,
events list,events list (variant 1),container,left,?,,,,,,,,,,,,,,,,,
events list,events list (variant 1),container,right,?,,,,,,,,,,,,,,,,,
events list,events list (variant 1),title,bottom,Padding D,,,,,,,,,,,,,,,,,
events list,events list (variant 1),card - text box,top,Padding E,,,,,,,,,,,,,,,,,
events list,events list (variant 1),card - text box,bottom,Padding E,,,,,,,,,,,,,,,,,
events list,events list (variant 1),card - text box,left,Padding E,,,,,,,,,,,,,,,,,
events list,events list (variant 1),card - text box,right,Padding E,,,,,,,,,,,,,,,,,
events list,events list (variant 1),card - date box,top,?,,,,,,,,,,,,,,,,,
events list,events list (variant 1),card - date box,bottom,?,,,,,,,,,,,,,,,,,
events list,events list (variant 1),card - date box,left,?,,,,,,,,,,,,,,,,,
events list,events list (variant 1),card - date box,right,?,,,,,,,,,,,,,,,,,
events list,events list (variant 1),card - date box,outer right,?,,,,,,,,,,,,,,,,,
events list,events list (variant 1),card - date box number,bottom,?,,,,,,,,,,,,,,,,,
events list,events list (variant 1),card (desktop) - time,top,?,,,,,,,,,,,,,,,,,
events list,events list (variant 1),card (featured desktop) - image,top,Padding E,,,,,,,,,,,,,,,,,
events list,events list (variant 1),card (featured desktop) - image,left,Padding E,,,,,,,,,,,,,,,,,
events list,events list (variant 1),card (featured desktop) - image,right,Padding E,,,,,,,,,,,,,,,,,
events list,events list (variant 2),container,top,Padding B,,,,,,,,,,,,,,,,,
events list,events list (variant 2),container,bottom,Padding B,,,,,,,,,,,,,,,,,
events list,events list (variant 2),container,left,?,,,,,,,,,,,,,,,,,
events list,events list (variant 2),container,right,?,,,,,,,,,,,,,,,,,
events list,events list (variant 2),title,bottom,Padding D,,,,,,,,,,,,,,,,,
events list,events list (variant 2),card - text box,top,Padding E,,,,,,,,,,,,,,,,,
events list,events list (variant 2),card - text box,bottom,Padding E,,,,,,,,,,,,,,,,,
events list,events list (variant 2),card - text box,right,Padding E,,,,,,,,,,,,,,,,,
events list,events list (variant 2),card - date box,top,?,,,,,,,,,,,,,,,,,
events list,events list (variant 2),card - date box,bottom,?,,,,,,,,,,,,,,,,,
events list,events list (variant 2),card - date box,left,?,,,,,,,,,,,,,,,,,
events list,events list (variant 2),card - date box,right,?,,,,,,,,,,,,,,,,,
events list,events list (variant 2),card - date box,outer right,?,,,,,,,,,,,,,,,,,
events list,events list (variant 2),card - date box number,bottom,?,,,,,,,,,,,,,,,,,
events list,events list (variant 2),card (desktop) - time,top,?,,,,,,,,,,,,,,,,,
events list,events list (variant 2),card (featured desktop) - image,bottom,Padding E,,,,,,,,,,,,,,,,,
events featured,events featured (variant 1),container,top,?,,,,,,,,,,,,,,,,,
events featured,events featured (variant 1),container,bottom,?,,,,,,,,,,,,,,,,,
events featured,events featured (variant 1),container,left,?,,,,,,,,,,,,,,,,,
events featured,events featured (variant 1),container,right,?,,,,,,,,,,,,,,,,,
events featured,events featured (variant 1),button - next,right,?,,,,,,,,,,,,,,,,,
events featured,events featured (variant 1),button - previous,left,?,,,,,,,,,,,,,,,,,
events featured,events featured (variant 1),date box,top,?,,,,,,,,,,,,,,,,,
events featured,events featured (variant 1),date box,bottom,?,,,,,,,,,,,,,,,,,
events featured,events featured (variant 1),date box,left,?,,,,,,,,,,,,,,,,,
events featured,events featured (variant 1),date box,right,?,,,,,,,,,,,,,,,,,
events featured,events featured (variant 1),date box,outer bottom,?,,,,,,,,,,,,,,,,,
events featured,events featured (variant 1),date box number,bottom,?,,,,,,,,,,,,,,,,,
events featured,events featured (variant 1),title,bottom,?,,,,,,,,,,,,,,,,,
events featured,events featured (variant 1),description,bottom,?,,,,,,,,,,,,,,,,,
events featured,events featured (variant 1),countdown,bottom,?,,,,,,,,,,,,,,,,,
events featured,events featured (variant 1),countdown - number,bottom,?,,,,,,,,,,,,,,,,,
events featured,events featured (variant 1),countdown - text,left,?,,,,,,,,,,,,,,,,,
events featured,events featured (variant 1),countdown - text,right,?,,,,,,,,,,,,,,,,,
events featured,events featured (variant 1),pagination dot,left,?,,,,,,,,,,,,,,,,,
events featured,events featured (variant 1),pagination dot,right,?,,,,,,,,,,,,,,,,,
events featured,events featured (variant 2),container,top,?,,,,,,,,,,,,,,,,,
events featured,events featured (variant 2),container,bottom,?,,,,,,,,,,,,,,,,,
events featured,events featured (variant 2),container,left,?,,,,,,,,,,,,,,,,,
events featured,events featured (variant 2),container,right,?,,,,,,,,,,,,,,,,,
events featured,events featured (variant 2),button - next,bottom,?,,,,,,,,,,,,,,,,,
events featured,events featured (variant 2),buttons,right,?,,,,,,,,,,,,,,,,,
events featured,events featured (variant 2),date box,top,?,,,,,,,,,,,,,,,,,
events featured,events featured (variant 2),date box,bottom,?,,,,,,,,,,,,,,,,,
events featured,events featured (variant 2),date box,left,?,,,,,,,,,,,,,,,,,
events featured,events featured (variant 2),date box,right,?,,,,,,,,,,,,,,,,,
events featured,events featured (variant 2),date box,outer bottom,?,,,,,,,,,,,,,,,,,
events featured,events featured (variant 2),date box number,bottom,?,,,,,,,,,,,,,,,,,
events featured,events featured (variant 2),title,bottom,?,,,,,,,,,,,,,,,,,
events featured,events featured (variant 2),description,bottom,?,,,,,,,,,,,,,,,,,
events featured,events featured (variant 2),countdown,bottom,?,,,,,,,,,,,,,,,,,
events featured,events featured (variant 2),countdown - number,bottom,?,,,,,,,,,,,,,,,,,
events featured,events featured (variant 2),countdown - text,left,?,,,,,,,,,,,,,,,,,
events featured,events featured (variant 2),countdown - text,right,?,,,,,,,,,,,,,,,,,
events featured,events featured (variant 2),pagination dot,left,?,,,,,,,,,,,,,,,,,
events featured,events featured (variant 2),pagination dot,right,?,,,,,,,,,,,,,,,,,
,,,,,,,,,,,,,,,,,,,,,
,,,,,,,,,,,,,,,,,,,,,
,,,,,,,,,,,,,,,,,,,,,
,,,,,,,,,,,,,,,,,,,,,
,,,,,,,,,,,,,,,,,,,,,
,,,,,,,,,,,,,,,,,,,,,
,,,,,,,,,,,,,,,,,,,,,
,,,,,,,,,,,,,,,,,,,,,
,,,,,,,,,,,,,,,,,,,,,
,,,,,,,,,,,,,,,,,,,,,
,,,,,,,,,,,,,,,,,,,,,
,,,,,,,,,,,,,,,,,,,,,
,,,,,,,,,,,,,,,,,,,,,
,,,,,,,,,,,,,,,,,,,,,
,,,,,,,,,,,,,,,,,,,,,
,,,,,,,,,,,,,,,,,,,,,
,,,,,,,,,,,,,,,,,,,,,
,,,,,,,,,,,,,,,,,,,,,
,,,,,,,,,,,,,,,,,,,,,
,,,,,,,,,,,,,,,,,,,,,
,,,,,,,,,,,,,,,,,,,,,
,,,,,,,,,,,,,,,,,,,,,
,,,,,,,,,,,,,,,,,,,,,
,,,,,,,,,,,,,,,,,,,,,
,,,,,,,,,,,,,,,,,,,,,
,,,,,,,,,,,,,,,,,,,,,
,,,,,,,,,,,,,,,,,,,,,
,,,,,,,,,,,,,,,,,,,,,
,,,,,,,,,,,,,,,,,,,,,
,,,,,,,,,,,,,,,,,,,,,
,,,,,,,,,,,,,,,,,,,,,
,,,,,,,,,,,,,,,,,,,,,
,,,,,,,,,,,,,,,,,,,,,
,,,,,,,,,,,,,,,,,,,,,
,,,,,,,,,,,,,,,,,,,,,
,,,,,,,,,,,,,,,,,,,,,
,,,,,,,,,,,,,,,,,,,,,
,,,,,,,,,,,,,,,,,,,,,
,,,,,,,,,,,,,,,,,,,,,
,,,,,,,,,,,,,,,,,,,,,
,,,,,,,,,,,,,,,,,,,,,
,,,,,,,,,,,,,,,,,,,,,
,,,,,,,,,,,,,,,,,,,,,
,,,,,,,,,,,,,,,,,,,,,
,,,,,,,,,,,,,,,,,,,,,
,,,,,,,,,,,,,,,,,,,,,
,,,,,,,,,,,,,,,,,,,,,
,,,,,,,,,,,,,,,,,,,,,
,,,,,,,,,,,,,,,,,,,,,
,,,,,,,,,,,,,,,,,,,,,
,,,,,,,,,,,,,,,,,,,,,
,,,,,,,,,,,,,,,,,,,,,
,,,,,,,,,,,,,,,,,,,,,
,,,,,,,,,,,,,,,,,,,,,
,,,,,,,,,,,,,,,,,,,,,
,,,,,,,,,,,,,,,,,,,,,
,,,,,,,,,,,,,,,,,,,,,
,,,,,,,,,,,,,,,,,,,,,
,,,,,,,,,,,,,,,,,,,,,
,,,,,,,,,,,,,,,,,,,,,
,,,,,,,,,,,,,,,,,,,,,
,,,,,,,,,,,,,,,,,,,,,
,,,,,,,,,,,,,,,,,,,,,
,,,,,,,,,,,,,,,,,,,,,
,,,,,,,,,,,,,,,,,,,,,
,,,,,,,,,,,,,,,,,,,,,
,,,,,,,,,,,,,,,,,,,,,
,,,,,,,,,,,,,,,,,,,,,
,,,,,,,,,,,,,,,,,,,,,
,,,,,,,,,,,,,,,,,,,,,
,,,,,,,,,,,,,,,,,,,,,
,,,,,,,,,,,,,,,,,,,,,
,,,,,,,,,,,,,,,,,,,,,
,,,,,,,,,,,,,,,,,,,,,
,,,,,,,,,,,,,,,,,,,,,
,,,,,,,,,,,,,,,,,,,,,
,,,,,,,,,,,,,,,,,,,,,
,,,,,,,,,,,,,,,,,,,,,
,,,,,,,,,,,,,,,,,,,,,
,,,,,,,,,,,,,,,,,,,,,
,,,,,,,,,,,,,,,,,,,,,
,,,,,,,,,,,,,,,,,,,,,
,,,,,,,,,,,,,,,,,,,,,
,,,,,,,,,,,,,,,,,,,,,
,,,,,,,,,,,,,,,,,,,,,
,,,,,,,,,,,,,,,,,,,,,
,,,,,,,,,,,,,,,,,,,,,
,,,,,,,,,,,,,,,,,,,,,
,,,,,,,,,,,,,,,,,,,,,
,,,,,,,,,,,,,,,,,,,,,
,,,,,,,,,,,,,,,,,,,,,
,,,,,,,,,,,,,,,,,,,,,
,,,,,,,,,,,,,,,,,,,,,
,,,,,,,,,,,,,,,,,,,,,
,,,,,,,,,,,,,,,,,,,,,
,,,,,,,,,,,,,,,,,,,,,
,,,,,,,,,,,,,,,,,,,,,
,,,,,,,,,,,,,,,,,,,,,
,,,,,,,,,,,,,,,,,,,,,
,,,,,,,,,,,,,,,,,,,,,
,,,,,,,,,,,,,,,,,,,,,
,,,,,,,,,,,,,,,,,,,,,
,,,,,,,,,,,,,,,,,,,,,
,,,,,,,,,,,,,,,,,,,,,
,,,,,,,,,,,,,,,,,,,,,
,,,,,,,,,,,,,,,,,,,,,
,,,,,,,,,,,,,,,,,,,,,
,,,,,,,,,,,,,,,,,,,,,
,,,,,,,,,,,,,,,,,,,,,
,,,,,,,,,,,,,,,,,,,,,
,,,,,,,,,,,,,,,,,,,,,
,,,,,,,,,,,,,,,,,,,,,
,,,,,,,,,,,,,,,,,,,,,
,,,,,,,,,,,,,,,,,,,,,
,,,,,,,,,,,,,,,,,,,,,
,,,,,,,,,,,,,,,,,,,,,
,,,,,,,,,,,,,,,,,,,,,
,,,,,,,,,,,,,,,,,,,,,
,,,,,,,,,,,,,,,,,,,,,
,,,,,,,,,,,,,,,,,,,,,
,,,,,,,,,,,,,,,,,,,,,
,,,,,,,,,,,,,,,,,,,,,
,,,,,,,,,,,,,,,,,,,,,
,,,,,,,,,,,,,,,,,,,,,
,,,,,,,,,,,,,,,,,,,,,
,,,,,,,,,,,,,,,,,,,,,
,,,,,,,,,,,,,,,,,,,,,
,,,,,,,,,,,,,,,,,,,,,
,,,,,,,,,,,,,,,,,,,,,
,,,,,,,,,,,,,,,,,,,,,
,,,,,,,,,,,,,,,,,,,,,
,,,,,,,,,,,,,,,,,,,,,
,,,,,,,,,,,,,,,,,,,,,
,,,,,,,,,,,,,,,,,,,,,
,,,,,,,,,,,,,,,,,,,,,
,,,,,,,,,,,,,,,,,,,,,
,,,,,,,,,,,,,,,,,,,,,
,,,,,,,,,,,,,,,,,,,,,
,,,,,,,,,,,,,,,,,,,,,
,,,,,,,,,,,,,,,,,,,,,
,,,,,,,,,,,,,,,,,,,,,
,,,,,,,,,,,,,,,,,,,,,
,,,,,,,,,,,,,,,,,,,,,
,,,,,,,,,,,,,,,,,,,,,
,,,,,,,,,,,,,,,,,,,,,
,,,,,,,,,,,,,,,,,,,,,
,,,,,,,,,,,,,,,,,,,,,
,,,,,,,,,,,,,,,,,,,,,
,,,,,,,,,,,,,,,,,,,,,
,,,,,,,,,,,,,,,,,,,,,
,,,,,,,,,,,,,,,,,,,,,
,,,,,,,,,,,,,,,,,,,,,
,,,,,,,,,,,,,,,,,,,,,
,,,,,,,,,,,,,,,,,,,,,
,,,,,,,,,,,,,,,,,,,,,
,,,,,,,,,,,,,,,,,,,,,
,,,,,,,,,,,,,,,,,,,,,
,,,,,,,,,,,,,,,,,,,,,
,,,,,,,,,,,,,,,,,,,,,
,,,,,,,,,,,,,,,,,,,,,
,,,,,,,,,,,,,,,,,,,,,
,,,,,,,,,,,,,,,,,,,,,
,,,,,,,,,,,,,,,,,,,,,
,,,,,,,,,,,,,,,,,,,,,
,,,,,,,,,,,,,,,,,,,,,
,,,,,,,,,,,,,,,,,,,,,
,,,,,,,,,,,,,,,,,,,,,
,,,,,,,,,,,,,,,,,,,,,
,,,,,,,,,,,,,,,,,,,,,
,,,,,,,,,,,,,,,,,,,,,
,,,,,,,,,,,,,,,,,,,,,
,,,,,,,,,,,,,,,,,,,,,
,,,,,,,,,,,,,,,,,,,,,
stories carousel,stories carousel (variant 1),card (variant 1) - text box,top,Padding E,,,,,,,,,,,,,,,,,
stories carousel,stories carousel (variant 1),card (variant 1) - text box,bottom,Padding E,,,,,,,,,,,,,,,,,
stories carousel,stories carousel (variant 1),card (variant 1) - text box,left,Padding E,,,,,,,,,,,,,,,,,
stories carousel,stories carousel (variant 1),card (variant 1) - text box,right,Padding E,,,,,,,,,,,,,,,,,
stories carousel,stories carousel (variant 1),card (variant 1) - title,bottom,Padding G,,,,,,,,,,,,,,,,,
stories carousel,stories carousel (variant 1),card (variant 2) - text box,bottom,Padding E,,,,,,,,,,,,,,,,,
stories carousel,stories carousel (variant 1),card (variant 2) - text box,left,Padding E,,,,,,,,,,,,,,,,,
stories carousel,stories carousel (variant 1),card (variant 2) - text box,right,Padding E,,,,,,,,,,,,,,,,,
stories carousel,stories carousel (variant 1),card (variant 2) - title,bottom,Padding G,,,,,,,,,,,,,,,,,
stories carousel,stories carousel (variant 1),card (variant 3) - title,bottom,Padding E,,,,,,,,,,,,,,,,,
stories carousel,stories carousel (variant 1),card (variant 3) - title,left,Padding E,,,,,,,,,,,,,,,,,
stories carousel,stories carousel (variant 1),card (variant 3) - title,right,Padding E,,,,,,,,,,,,,,,,,
stories carousel,stories carousel (variant 1),card (variant 3) - description box,top,Padding E,,,,,,,,,,,,,,,,,
stories carousel,stories carousel (variant 1),card (variant 3) - description box,bottom,Padding E,,,,,,,,,,,,,,,,,
stories carousel,stories carousel (variant 1),card (variant 3) - description box,left,Padding E,,,,,,,,,,,,,,,,,
stories carousel,stories carousel (variant 1),card (variant 3) - description box,right,Padding E,,,,,,,,,,,,,,,,,
stories carousel,stories carousel (variant 2),card (variant 1) - text box,top,Padding E,,,,,,,,,,,,,,,,,
stories carousel,stories carousel (variant 2),card (variant 1) - text box,bottom,Padding E,,,,,,,,,,,,,,,,,
stories carousel,stories carousel (variant 2),card (variant 1) - text box,left,Padding E,,,,,,,,,,,,,,,,,
stories carousel,stories carousel (variant 2),card (variant 1) - text box,right,Padding E,,,,,,,,,,,,,,,,,
stories carousel,stories carousel (variant 2),card (variant 1) - title,bottom,Padding G,,,,,,,,,,,,,,,,,
stories carousel,stories carousel (variant 2),card (variant 2) - text box,bottom,Padding E,,,,,,,,,,,,,,,,,
stories carousel,stories carousel (variant 2),card (variant 2) - text box,left,Padding E,,,,,,,,,,,,,,,,,
stories carousel,stories carousel (variant 2),card (variant 2) - text box,right,Padding E,,,,,,,,,,,,,,,,,
stories carousel,stories carousel (variant 2),card (variant 2) - title,bottom,Padding G,,,,,,,,,,,,,,,,,
stories carousel,stories carousel (variant 2),card (variant 3) - title,bottom,Padding E,,,,,,,,,,,,,,,,,
stories carousel,stories carousel (variant 2),card (variant 3) - title,left,Padding E,,,,,,,,,,,,,,,,,
stories carousel,stories carousel (variant 2),card (variant 3) - title,right,Padding E,,,,,,,,,,,,,,,,,
stories carousel,stories carousel (variant 2),card (variant 3) - description box,top,Padding E,,,,,,,,,,,,,,,,,
stories carousel,stories carousel (variant 2),card (variant 3) - description box,bottom,Padding E,,,,,,,,,,,,,,,,,
stories carousel,stories carousel (variant 2),card (variant 3) - description box,left,Padding E,,,,,,,,,,,,,,,,,
stories carousel,stories carousel (variant 2),card (variant 3) - description box,right,Padding E,,,,,,,,,,,,,,,,,
stories carousel,stories carousel (variant 3),card (variant 1) - text box,top,Padding E,,,,,,,,,,,,,,,,,
stories carousel,stories carousel (variant 3),card (variant 1) - text box,bottom,Padding E,,,,,,,,,,,,,,,,,
stories carousel,stories carousel (variant 3),card (variant 1) - text box,left,Padding E,,,,,,,,,,,,,,,,,
stories carousel,stories carousel (variant 3),card (variant 1) - text box,right,Padding E,,,,,,,,,,,,,,,,,
stories carousel,stories carousel (variant 3),card (variant 1) - title,bottom,Padding G,,,,,,,,,,,,,,,,,
stories carousel,stories carousel (variant 3),card (variant 2) - text box,bottom,Padding E,,,,,,,,,,,,,,,,,
stories carousel,stories carousel (variant 3),card (variant 2) - text box,left,Padding E,,,,,,,,,,,,,,,,,
stories carousel,stories carousel (variant 3),card (variant 2) - text box,right,Padding E,,,,,,,,,,,,,,,,,
stories carousel,stories carousel (variant 3),card (variant 2) - title,bottom,Padding G,,,,,,,,,,,,,,,,,
stories carousel,stories carousel (variant 3),card (variant 3) - title,bottom,Padding E,,,,,,,,,,,,,,,,,
stories carousel,stories carousel (variant 3),card (variant 3) - title,left,Padding E,,,,,,,,,,,,,,,,,
stories carousel,stories carousel (variant 3),card (variant 3) - title,right,Padding E,,,,,,,,,,,,,,,,,
stories carousel,stories carousel (variant 3),card (variant 3) - description box,top,Padding E,,,,,,,,,,,,,,,,,
stories carousel,stories carousel (variant 3),card (variant 3) - description box,bottom,Padding E,,,,,,,,,,,,,,,,,
stories carousel,stories carousel (variant 3),card (variant 3) - description box,left,Padding E,,,,,,,,,,,,,,,,,
stories carousel,stories carousel (variant 3),card (variant 3) - description box,right,Padding E,,,,,,,,,,,,,,,,,
stories carousel,stories carousel (variant 4),card (variant 1) - text box,top,Padding E,,,,,,,,,,,,,,,,,
stories carousel,stories carousel (variant 4),card (variant 1) - text box,bottom,Padding E,,,,,,,,,,,,,,,,,
stories carousel,stories carousel (variant 4),card (variant 1) - text box,left,Padding E,,,,,,,,,,,,,,,,,
stories carousel,stories carousel (variant 4),card (variant 1) - text box,right,Padding E,,,,,,,,,,,,,,,,,
stories carousel,stories carousel (variant 4),card (variant 1) - title,bottom,Padding G,,,,,,,,,,,,,,,,,
stories carousel,stories carousel (variant 4),card (variant 2) - text box,bottom,Padding E,,,,,,,,,,,,,,,,,
stories carousel,stories carousel (variant 4),card (variant 2) - text box,left,Padding E,,,,,,,,,,,,,,,,,
stories carousel,stories carousel (variant 4),card (variant 2) - text box,right,Padding E,,,,,,,,,,,,,,,,,
stories carousel,stories carousel (variant 4),card (variant 2) - title,bottom,Padding G,,,,,,,,,,,,,,,,,
stories carousel,stories carousel (variant 4),card (variant 3) - title,bottom,Padding E,,,,,,,,,,,,,,,,,
stories carousel,stories carousel (variant 4),card (variant 3) - title,left,Padding E,,,,,,,,,,,,,,,,,
stories carousel,stories carousel (variant 4),card (variant 3) - title,right,Padding E,,,,,,,,,,,,,,,,,
stories carousel,stories carousel (variant 4),card (variant 3) - description box,top,Padding E,,,,,,,,,,,,,,,,,
stories carousel,stories carousel (variant 4),card (variant 3) - description box,bottom,Padding E,,,,,,,,,,,,,,,,,
stories carousel,stories carousel (variant 4),card (variant 3) - description box,left,Padding E,,,,,,,,,,,,,,,,,
stories carousel,stories carousel (variant 4),card (variant 3) - description box,right,Padding E,,,,,,,,,,,,,,,,,
ct text + stories,ct text half left,,top,Padding B,,,,,,,,,,,,,,,,,
ct text + stories,ct text half left,,bottom,Padding B,,,,,,,,,,,,,,,,,
ct text + stories,ct text half left,,left,?,,,,,,,,,,,,,,,,,
ct text + stories,ct text half left,,right,?,,,,,,,,,,,,,,,,,
ct text + stories,ct carousel buttons,,left,?,,,,,,,,,,,,,,,,,
ct text + stories,ct carousel buttons,,right,?,,,,,,,,,,,,,,,,,
ct text + stories,ct stories half right,card (variant 1) - container,top,Padding B,,,,,,,,,,,,,,,,,
ct text + stories,ct stories half right,card (variant 1) - container,bottom,Padding B,,,,,,,,,,,,,,,,,
ct text + stories,ct stories half right,card (variant 2) - container,top,Padding B,,,,,,,,,,,,,,,,,
ct text + stories,ct stories half right,card (variant 2) - container,bottom,Padding B,,,,,,,,,,,,,,,,,
ct text + stories,ct stories half right,card (variant 3) - container,top,Padding B,,,,,,,,,,,,,,,,,
ct text + stories,ct stories half right,card (variant 3) - container,bottom,Padding B,,,,,,,,,,,,,,,,,
ct text + stories,ct stories half right,card (variant 1) - text box,top,Padding E,,,,,,,,,,,,,,,,,
ct text + stories,ct stories half right,card (variant 1) - text box,bottom,Padding E,,,,,,,,,,,,,,,,,
ct text + stories,ct stories half right,card (variant 1) - text box,left,Padding E,,,,,,,,,,,,,,,,,
ct text + stories,ct stories half right,card (variant 1) - text box,right,Padding E,,,,,,,,,,,,,,,,,
ct text + stories,ct stories half right,card (variant 1) - title,bottom,Padding G,,,,,,,,,,,,,,,,,
ct text + stories,ct stories half right,card (variant 2) - text box,bottom,Padding E,,,,,,,,,,,,,,,,,
ct text + stories,ct stories half right,card (variant 2) - text box,left,Padding E,,,,,,,,,,,,,,,,,
ct text + stories,ct stories half right,card (variant 2) - text box,right,Padding E,,,,,,,,,,,,,,,,,
ct text + stories,ct stories half right,card (variant 2) - title,bottom,Padding G,,,,,,,,,,,,,,,,,
ct text + stories,ct stories half right,card (variant 3) - title,bottom,Padding E,,,,,,,,,,,,,,,,,
ct text + stories,ct stories half right,card (variant 3) - title,left,Padding E,,,,,,,,,,,,,,,,,
ct text + stories,ct stories half right,card (variant 3) - title,right,Padding E,,,,,,,,,,,,,,,,,
ct text + stories,ct stories half right,card (variant 3) - description box,top,Padding E,,,,,,,,,,,,,,,,,
ct text + stories,ct stories half right,card (variant 3) - description box,bottom,Padding E,,,,,,,,,,,,,,,,,
ct text + stories,ct stories half right,card (variant 3) - description box,left,Padding E,,,,,,,,,,,,,,,,,
ct text + stories,ct stories half right,card (variant 3) - description box,right,Padding E,,,,,,,,,,,,,,,,,
ct stories + text,ct text half right,,top,Padding B,,,,,,,,,,,,,,,,,
ct stories + text,ct text half right,,bottom,Padding B,,,,,,,,,,,,,,,,,
ct stories + text,ct text half right,,left,?,,,,,,,,,,,,,,,,,
ct stories + text,ct text half right,,right,?,,,,,,,,,,,,,,,,,
ct stories + text,ct carousel buttons,,left,?,,,,,,,,,,,,,,,,,
ct stories + text,ct carousel buttons,,right,?,,,,,,,,,,,,,,,,,
ct stories + text,ct stories half left,card (variant 1) - container,top,Padding B,,,,,,,,,,,,,,,,,
ct stories + text,ct stories half left,card (variant 1) - container,bottom,Padding B,,,,,,,,,,,,,,,,,
ct stories + text,ct stories half left,card (variant 2) - container,top,Padding B,,,,,,,,,,,,,,,,,
ct stories + text,ct stories half left,card (variant 2) - container,bottom,Padding B,,,,,,,,,,,,,,,,,
ct stories + text,ct stories half left,card (variant 3) - container,top,Padding B,,,,,,,,,,,,,,,,,
ct stories + text,ct stories half left,card (variant 3) - container,bottom,Padding B,,,,,,,,,,,,,,,,,
ct stories + text,ct stories half left,card (variant 1) - text box,top,Padding E,,,,,,,,,,,,,,,,,
ct stories + text,ct stories half left,card (variant 1) - text box,bottom,Padding E,,,,,,,,,,,,,,,,,
ct stories + text,ct stories half left,card (variant 1) - text box,left,Padding E,,,,,,,,,,,,,,,,,
ct stories + text,ct stories half left,card (variant 1) - text box,right,Padding E,,,,,,,,,,,,,,,,,
ct stories + text,ct stories half left,card (variant 1) - title,bottom,Padding G,,,,,,,,,,,,,,,,,
ct stories + text,ct stories half left,card (variant 2) - text box,bottom,Padding E,,,,,,,,,,,,,,,,,
ct stories + text,ct stories half left,card (variant 2) - text box,left,Padding E,,,,,,,,,,,,,,,,,
ct stories + text,ct stories half left,card (variant 2) - text box,right,Padding E,,,,,,,,,,,,,,,,,
ct stories + text,ct stories half left,card (variant 2) - title,bottom,Padding G,,,,,,,,,,,,,,,,,
ct stories + text,ct stories half left,card (variant 3) - title,bottom,Padding E,,,,,,,,,,,,,,,,,
ct stories + text,ct stories half left,card (variant 3) - title,left,Padding E,,,,,,,,,,,,,,,,,
ct stories + text,ct stories half left,card (variant 3) - title,right,Padding E,,,,,,,,,,,,,,,,,
ct stories + text,ct stories half left,card (variant 3) - description box,top,Padding E,,,,,,,,,,,,,,,,,
ct stories + text,ct stories half left,card (variant 3) - description box,bottom,Padding E,,,,,,,,,,,,,,,,,
ct stories + text,ct stories half left,card (variant 3) - description box,left,Padding E,,,,,,,,,,,,,,,,,
ct stories + text,ct stories half left,card (variant 3) - description box,right,Padding E,,,,,,,,,,,,,,,,,
stories grid,stories card,card (variant 1) - text box,top,Padding E,,,,,,,,,,,,,,,,,
stories grid,stories card,card (variant 1) - text box,bottom,Padding E,,,,,,,,,,,,,,,,,
stories grid,stories card,card (variant 1) - text box,left,Padding E,,,,,,,,,,,,,,,,,
stories grid,stories card,card (variant 1) - text box,right,Padding E,,,,,,,,,,,,,,,,,
stories grid,stories card,card (variant 1) - title,bottom,Padding G,,,,,,,,,,,,,,,,,
stories grid,stories card (single card),card (variant 1) - text box,top,Padding B,,,,,,,,,,,,,,,,,
stories grid,stories card (single card),card (variant 1) - text box,bottom,Padding B,,,,,,,,,,,,,,,,,
stories grid,stories card (single card),card (variant 1) - text box,left,Padding C,,,,,,,,,,,,,,,,,
stories grid,stories card (single card),card (variant 1) - text box,right,Padding C,,,,,,,,,,,,,,,,,
stories grid,stories card (single card),card (variant 1) - name,bottom,Padding G,,,,,,,,,,,,,,,,,
stories grid,stories card (single card),card (variant 1) - read more icon,bottom,?,,,,,,,,,,,,,,,,,
stories grid,stories card (single card),card (variant 1) - read more icon,right,?,,,,,,,,,,,,,,,,,
stories grid,stories card,card (variant 2) - text box,bottom,Padding E,,,,,,,,,,,,,,,,,
stories grid,stories card,card (variant 2) - text box,left,Padding E,,,,,,,,,,,,,,,,,
stories grid,stories card,card (variant 2) - text box,right,Padding E,,,,,,,,,,,,,,,,,
stories grid,stories card,card (variant 2) - title,bottom,Padding G,,,,,,,,,,,,,,,,,
stories grid,stories card (single card),card (variant 2) - text box,top,?,,,,,,,,,,,,,,,,,
stories grid,stories card (single card),card (variant 2) - text box,bottom,?,,,,,,,,,,,,,,,,,
stories grid,stories card (single card),card (variant 2) - text box,left,?,,,,,,,,,,,,,,,,,
stories grid,stories card (single card),card (variant 2) - text box,right,?,,,,,,,,,,,,,,,,,
stories grid,stories card (single card),card (variant 2) - name,bottom,?,,,,,,,,,,,,,,,,,
stories grid,stories card (single card),card (variant 2) - read more icon,bottom,?,,,,,,,,,,,,,,,,,
stories grid,stories card (single card),card (variant 2) - read more icon,right,?,,,,,,,,,,,,,,,,,
stories grid,stories card,card (variant 3) - title,bottom,Padding E,,,,,,,,,,,,,,,,,
stories grid,stories card,card (variant 3) - title,left,Padding E,,,,,,,,,,,,,,,,,
stories grid,stories card,card (variant 3) - title,right,Padding E,,,,,,,,,,,,,,,,,
stories grid,stories card,card (variant 3) - description box,top,Padding E,,,,,,,,,,,,,,,,,
stories grid,stories card,card (variant 3) - description box,bottom,Padding E,,,,,,,,,,,,,,,,,
stories grid,stories card,card (variant 3) - description box,left,Padding E,,,,,,,,,,,,,,,,,
stories grid,stories card,card (variant 3) - description box,right,Padding E,,,,,,,,,,,,,,,,,
stories grid,stories card (single card),card (variant 3) - text box,top,?,,,,,,,,,,,,,,,,,
stories grid,stories card (single card),card (variant 3) - text box,bottom,?,,,,,,,,,,,,,,,,,
stories grid,stories card (single card),card (variant 3) - text box,left,?,,,,,,,,,,,,,,,,,
stories grid,stories card (single card),card (variant 3) - text box,right,?,,,,,,,,,,,,,,,,,
stories grid,stories card (single card),card (variant 3) - name,bottom,?,,,,,,,,,,,,,,,,,
stories grid,stories card (single card),card (variant 3) - read more icon,bottom,?,,,,,,,,,,,,,,,,,
stories grid,stories card (single card),card (variant 3) - read more icon,right,?,,,,,,,,,,,,,,,,,